StreetAddress,NationalID,TelephoneNumber,EmailAddress,Username
"9 Commercial Street",,"(03) 8306 3941",PatrickMarx@armyspy.com,Quicany
"68 Prince Street",,"(02) 6778 1652",ElizaKopsen@rhyta.com,Pormed1945
"35 Taltarni Road",,"(03) 5318 2087",AudreyBurhop@cuvox.de,Hiseeston
"95 Boonah Qld",,"(07) 4517 0508",AlyssaJoubert@fleckens.hu,Histle67
"73 Scenic Road",,"(02) 6129 5436",EdenMaum@jourrapide.com,Supoor87
"21 Anderson Street",,"(07) 3676 8860",HollyHain@teleworm.us,Meso1944
"28 Armstrong Street",,"(03) 5341 1653",AshtonBrain@einrot.com,Nuse1990
"57 Walpole Avenue",,"(03) 5329 9258",HudsonLalor@cuvox.de,Foryin1995
"97 Henley Beach Road",,"(08) 8257 8947",LukeSwallow@armyspy.com,Squis1956
"79 Hebbard Street",,"(03) 9449 6798",GabriellaMcClemans@einrot.com,Buttp1958
"2 Insignia Way",,"(08) 9053 5886",WillCadell@gustr.com,Pasky1947
"1 Millicent Drive",,"(02) 4920 3420",LaylaWillshire@einrot.com,Warmidem
"42 Rockhampton Qld",,"(07) 4944 1382",LeviWarne-Smith@einrot.com,Moson1936
"96 Springhill Bottom Road",,"(03) 6231 5010",VictoriaPlayfair@einrot.com,Evindebethe1966
"8 Cherokee Road",,"(03) 5320 9183",LeoHutchison@einrot.com,Manower1961
"34 Bungana Drive",,"(08) 8388 1726",BenPilpel@jourrapide.com,Bans1997
"85 Barker Street",,"(08) 9046 9864",DavidSherlock@fleckens.hu,Bandegave88
"18 Halsey Road",,"(08) 8212 3556",JettBruton@fleckens.hu,Possing
"7 Acheron Road",,"(03) 5303 7680",OwenOxley@armyspy.com,Famand
"35 Corny Court",,"(08) 8711 6783",SofiaStreet@dayrep.com,Comereaver
"80 Seninis Road",,"(07) 4098 9568",JaydenMacandie@gustr.com,Thinge
"72 Edgewater Close",,"(02) 4056 7626",CallumPrice@teleworm.us,Hosee1981
"14 Marley Point Road",,"(03) 5304 7108",SamTompson@gustr.com,Farthe
"13 Brown Street",,"(02) 9675 1360",DeanDrakeford@armyspy.com,Enterce
"85 Walter Crescent",,"(02) 4043 4475",OliverVerco@rhyta.com,Fronce
"73 Roseda-Tinamba Road",,"(03) 5397 8993",LaraBabbidge@teleworm.us,Ournitattis65
"35 Alfred Street",,"(08) 9085 9949",KeiraSmorgon@gustr.com,Everld
"75 Stanley Drive",,"(07) 4904 8558",MollyBrazenor@armyspy.com,Driers54
"46 Girvan Grove",,"(03) 5335 1493",DakotaPocock@einrot.com,Obbect
"14 Arthur Street",,"(02) 4098 6001",DylanMcGuigan@teleworm.us,Whaveribut
"57 Treasure Island Avenue",,"(07) 5682 4067",NathanSampson@einrot.com,Romek1972
"85 Gaffney Street",,"(03) 5307 6769",KaiMacdonell@cuvox.de,Abnalsid87
"90 Horsington Street",,"(03) 9993 1709",HaydenMorice@dayrep.com,Ander1955
"72 Fergusson Street",,"(02) 6780 7606",OliviaMaxwell-Mahon@einrot.com,Firet1936
"34 Friar John Way",,"(08) 9457 0474",AbbyMuscio@fleckens.hu,Andp1944
"46 Mildura Street",,"(03) 6213 6007",HudsonAbrahams@fleckens.hu,Thatuagaild91
"72 Lapko Road",,"(08) 9074 2395",BeauSizer@superrito.com,Witurs
"47 Woodlands Avenue",,"(02) 8384 9696",WilliamLyell@rhyta.com,Suposed
"73 Creegans Road",,"(02) 6712 4644",MadeleineSadleir@einrot.com,Thenith
"60 Daly Terrace",,"(08) 9243 4268",BrodieAdams@jourrapide.com,Furaggion
"13 Spencer Street",,"(07) 5393 6252",AliciaWatts@cuvox.de,Youblauthe83
"69 Saggers Road",,"(08) 9077 7524",LucaBeauchamp@rhyta.com,Blecturest
"4 Ryker Rd",,"(07) 4010 7758",MackenzieGosman@gustr.com,Paturmom1960
"14 Eurack Court",,"(02) 6166 9194",PoppyVonDoussa@armyspy.com,Aras1976
"67 Todd Street",,"(08) 9083 3778",LilianBridgeford@superrito.com,Aniguld54
"27 Walters Street",,"(03) 5355 9139",ConnorProctor@rhyta.com,Kinglabit
"27 Halsey Road",,"(08) 8202 4340",MatthewSutherland@cuvox.de,Sorephy
"29 Cornish Street",,"(03) 8086 0246",MaryAronson@einrot.com,Bern1973
"23 Mills Street",,"(03) 5362 4697",AliceMcGuinness@rhyta.com,Cholove68
"37 Hebbard Street",,"(03) 9769 4703",MadelineBickford@superrito.com,Saily1935
"11 Woolnough Road",,"(08) 8370 7117",LucyGrey@cuvox.de,Sciespoins
"83 Fergusson Street",,"(02) 6794 1524",DanielMartel@jourrapide.com,Aland1952
"12 Yarra Street",,"(03) 5395 3400",ChloeStoneman@dayrep.com,Shen1935
"67 Kooljak Rd",,"(08) 9004 8124",AidanTiegs@fleckens.hu,Fairstionly
"67 Aquatic Road",,"(02) 4978 9188",SophieDeffell@teleworm.us,Beadere
"47 Dalgarno Street",,"(02) 6791 8452",NataliePerrier@einrot.com,Thaterisaing
"45 Ashton Road",,"(08) 9003 7578",ConnorEbsworth@rhyta.com,Daysim
"38 Parkes Road",,"(02) 6192 7886",ChelseaBartley@superrito.com,Quoinep
"15 Insignia Way",,"(08) 9026 0814",KobyLipscombe@jourrapide.com,Dethe1974
"30 Cassinia Street",,"(02) 6166 0380",EthanChave@einrot.com,Rusequithe
"80 Corio Street",,"(03) 5316 6143",ElizabethBelt@fleckens.hu,Groody
"26 Delan Road",,"(07) 3314 0026",MaxBamford@dayrep.com,Beciond
"70 Hart Street",,"(02) 4907 6879",SummerMartindale@armyspy.com,Aund1979
"94 Corny Court",,"(08) 8725 5749",PiperAikenhead@einrot.com,Thencire
"97 Sunset Drive",,"(07) 4919 2428",SeanTroup@einrot.com,Dissency
"23 Hill Street",,"(03) 6297 6166",WilliamWhitfield@dayrep.com,Ginstioniff
"17 Tapleys Hill Road",,"(08) 8332 1098",OliviaPottinger@dayrep.com,Nothembeffe
"24 Shadforth Street",,"(03) 5339 4429",SamuelDethridge@superrito.com,Spearknigh
"70 Yulara Drive",,"(08) 8278 3263",SebastianMcBride@superrito.com,Ginusbact55
"39 Hunter Street",,"(07) 4577 0093",NicholasBattarbee@jourrapide.com,Followly
"51 Darwinia Loop",,"(08) 9024 1069",GemmaFrost@teleworm.us,Thicat
"17 Boulter Close",,"(07) 4019 9546",AustinDuncan@dayrep.com,Rikeproseet
"97 Webb Road",,"(02) 4966 8998",CaitlinBailey@fleckens.hu,Sibleard54
"37 Woerdens Road",,"(02) 4914 2259",ChelseaHooley@fleckens.hu,Booke1983
"29 Darwinia Loop",,"(08) 9072 5936",WillMcLellan@fleckens.hu,Dropectfuld
"53 Fairview Street",,"(03) 5307 1620",MadeleineKibby@cuvox.de,Brot1961
"29 Baker Street",,"(08) 9026 7516",LachlanTruchanas@fleckens.hu,Hurpres
"87 Edmundsons Road",,"(03) 5382 5723",EdenDoolette@cuvox.de,Parmak
"3 Rimbanda Road",,"(02) 6772 2803",IsaacChristmas@fleckens.hu,Himsen66
"11 Forrest Road",,"(02) 4096 5892",MikaylaStonehaven@rhyta.com,Degainge58
"34 Lapko Road",,"(08) 9089 6075",LucaArundale@armyspy.com,Balacee
"96 Plantation Place",,"(02) 4028 4295",NatalieCharleston@teleworm.us,Tertion
"28 Insignia Way",,"(08) 9007 2391",JaxonChristian@teleworm.us,Maystionite
"61 Walter Crescent",,"(02) 4233 6438",MatthewCamm@fleckens.hu,Adow1948
"9 Marlin Avenue",,"(02) 6164 9186",JonathanMault@armyspy.com,Nere1954
"2 Begley Street",,"(07) 4027 8943",ClaudiaSouthern@superrito.com,Darpre
"52 Grandis Road",,"(02) 6780 7292",MitchellButt@rhyta.com,Rearts
"48 McPherson Road",,"(03) 5398 5944",SebastianSugerman@jourrapide.com,Ingre1946
"39 Acheron Road",,"(03) 5316 4217",NateBaldessin@dayrep.com,Dembir70
"86 Buoro Street",,"(07) 4980 8206",BiancaEdith@cuvox.de,Thaposts
"13 Tanner Street",,"(08) 8298 2553",TaylaFreeman@rhyta.com,Morts1983
"62 Fernleigh Ave",,"(02) 4062 5054",KaylaRadecki@superrito.com,Oplity
"86 Lewin Street",,"(02) 6152 0896",JeremyNimmo@superrito.com,Mosooving
"38 Alfred Street",,"(08) 9032 8391",MadisonHordern@gustr.com,Atting
"44 Walters Street",,"(03) 5311 0467",IslaPackard@superrito.com,Estoom
"81 Norton Street",,"(02) 4384 8234",TristanStralia@jourrapide.com,Begaing
"30 South Molle Boulevard",,"(07) 4015 4923",LucindaChowne@dayrep.com,Wasice
"74 Whitehaven Crescent",,"(07) 4042 2858",AlexSteere@superrito.com,Moser1957
"44 Correa Place",,"(08) 8989 8890",AlanaMillington@jourrapide.com,Tagen1978
"95 McLaughlin Road",,"(07) 4583 2440",AidanPrentice@cuvox.de,Drage1991
"18 Cecil Street",,"(02) 9769 7244",KaylaCourtice@gustr.com,Chiss1989
"94 Glenpark Road",,"(02) 6755 2717",JaiGrosse@einrot.com,Hatimplaved
"47 Cofton Close",,"(02) 6702 2457",AmberSligo@dayrep.com,Addem1933
"95 Cassinia Street",,"(02) 6161 1782",ArchieBass@dayrep.com,Hadight79
"92 Edgecliff Road",,"(02) 9533 5708",AngelinaArmfield@gustr.com,Luted1978
"29 Raglan Street",,"(07) 4593 7577",ErinWarlow-Davies@dayrep.com,Haventers
"34 Tanner Street",,"(08) 8225 1366",LucyPropsting@einrot.com,Britheyettor
"17 Thule Drive",,"(08) 8339 8065",AliceWoodcock@gustr.com,Aftell
"83 Kintyre Street",,"(07) 3972 1498",DeanCunningham@armyspy.com,Muder1979
"32 Timms Drive",,"(02) 4614 9194",BaileyMerriman@superrito.com,Meaver
"88 Avondale Drive",,"(02) 4249 4300",HugoDeschamps@dayrep.com,Fightfil
"49 Yangan Drive",,"(02) 6775 7967",AlicaEagar@armyspy.com,Whilve
"29 Stanley Drive",,"(07) 4959 5148",FinnFarrer@jourrapide.com,Veack1933
"80 Fernleigh Ave",,"(02) 4065 2584",JamesSchnaars@dayrep.com,Thappery
"97 Timms Drive",,"(02) 4037 8203",VictoriaNorrie@teleworm.us,Forrithas
"35 Flinstone Drive",,"(03) 6289 5127",CallumBromby@gustr.com,Tened1933
"32 Gilbert Street",,"(03) 6279 5601",LaraWhitton@superrito.com,Weselot75
"2 Henry Moss Court",,"(08) 8730 9132",DakotaNgabidj@dayrep.com,Soublartand
"32 Auricht Road",,"(08) 8768 7123",AlicaLocke@dayrep.com,Poette1952
"35 Wigley Street",,"(08) 8256 3320",LeahMyer@teleworm.us,Butim1976
"23 Argyle Street",,"(02) 4922 8267",GeorgeNock@gustr.com,Faccon1950
"2 Cubbine Road",,"(08) 9042 8009",AudreyBurwell@superrito.com,Finge1989
"74 Badgery Road",,"(02) 6156 5455",NicholasMungomery@rhyta.com,Resn1981
"72 Aquatic Road",,"(02) 4990 5658",NicholasStrachan@dayrep.com,Obeen1944
"53 Stanley Drive",,"(07) 4976 0756",ChristopherCape@rhyta.com,Abite1998
"3 Treasure Island Avenue",,"(07) 5602 6995",ChelseaPaterson@fleckens.hu,Nipton
"96 Punchs Creek Road",,"(07) 4572 7467",MarcusOsman@superrito.com,Cionarsellar
"54 Berambing Crescent",,"(02) 8146 3302",LeviMackie@gustr.com,Mattlas
"30 Baker Street",,"(08) 9006 4528",DeclanCharlton@fleckens.hu,Andith
"10 Cubbine Road",,"(08) 9087 7181",OwenChapple@teleworm.us,Hareplity
"6 Harris Street",,"(03) 5366 5440",NateKable@gustr.com,Caments
"33 Armstrong Street",,"(03) 5334 4803",AlanaAllison@dayrep.com,Crautepred
"59 Elgin Street",,"(02) 4945 6465",LeahMoney@fleckens.hu,Pareer
"76 Bayfield Street",,"(03) 6277 1340",HugoMaclean@dayrep.com,Witche
"91 Creek Street",,"(07) 4597 0858",AdamLoftus@dayrep.com,Efivishereme
"59 Adavale Road",,"(02) 6103 8740",EveHouston@rhyta.com,Xand1970
"94 Dora Creek",,"(02) 6784 7791",CooperClubbe@armyspy.com,Tuncland
"85 Larissa Court",,"(03) 5330 5606",AmelieBuncle@armyspy.com,Senessobling
"90 Boulter Close",,"(07) 4034 4651",ClaudiaMathias@teleworm.us,Yeas1962
"35 Thule Drive",,"(08) 8387 2880",AdamFinlayson@fleckens.hu,Enes1983
"78 Weemala Avenue",,"(02) 4061 8306",NathanJoyner@dayrep.com,Ressoare
"46 McLeans Road",,"(07) 3864 2913",ChloeHovell@fleckens.hu,Frus1985
"55 Hebbard Street",,"(03) 9828 8633",JaiBoxall@dayrep.com,Sains1936
"30 Mackie Street",,"(02) 4069 8807",HarrisonFitzsimmons@jourrapide.com,Coutered
"38 Black Point Drive",,"(08) 8747 2582",RyderOHaran@superrito.com,Bessing
"76 Goldfields Road",,"(07) 4505 7167",LincolnWarfe@gustr.com,Whimse
"17 Wright Street",,"(07) 5310 9480",JustinMenhennitt@teleworm.us,Feseracke1950
"61 Kogil Street",,"(02) 6749 0515",EvaMaxwell-Mahon@teleworm.us,Eassom
"46 Junction St",,"(02) 6192 7282",DarcySpence@cuvox.de,Kinatim
"81 Zipfs Road",,"(07) 4527 6094",SiennaSheehan@cuvox.de,Fartmajer
"38 Grayson Street",,"(02) 9695 2986",RubyAddison@rhyta.com,Theyeare
"79 Tapleys Hill Road",,"(08) 8254 3621",JackChifley@jourrapide.com,Graping
"18 Cherry Grove",,"(03) 6206 7535",JakeBracewell@gustr.com,Thavidifulne1941
"61 Cornish Street",,"(03) 8649 3913",DavidWoolacott@cuvox.de,Athim1967
"83 Watson Street",,"(03) 5352 2552",TajMillington@gustr.com,Fousee
"62 Farrar Parade",,"(08) 9048 5758",ErinSlim@fleckens.hu,Hoel1954
"11 Yangan Drive",,"(02) 6765 4612",CaitlinTimperley@cuvox.de,Geoppons
"19 Carolina Park Road",,"(02) 9395 9802",EdenMoran@superrito.com,Tharter
"65 Holdsworth Street",,"(02) 9878 1656",OliverSchnaars@superrito.com,Senessobling
"84 Round Drive",,"(02) 4958 2812",EdenJulian@fleckens.hu,Ficeffloved
"63 Cubbine Road",,"(08) 9066 6118",HudsonBarnes@teleworm.us,Frept1980
"8 Nandewar Street",,"(02) 6726 1491",MitchellLucas@superrito.com,Drudy1994
"70 Seaview Court",,"(07) 4996 8444",AbbyLazarev@superrito.com,Beivearat
"90 South Street",,"(03) 6275 8926",AustinMulligan@rhyta.com,Exered
"68 Quayside Vista",,"(02) 6164 2546",HollyStillwell@armyspy.com,Bestudy1964
"56 Gaffney Street",,"(03) 9115 8499",AbbyMcIntosh@gustr.com,Lonmarder79
"52 Cornish Street",,"(03) 9343 5495",WilliamRosanove@jourrapide.com,Forebole
"67 Pelican Road",,"(03) 6245 5392",JaxonMcBrien@cuvox.de,Barromempose
"54 Rupara Street",,"(08) 8335 5854",AshleyGranville@rhyta.com,Shoustor92
"4 Hart Street",,"(02) 4932 9685",AnnabelleFairweather@jourrapide.com,Tatromer
"96 Bayview Close",,"(07) 4978 8950",SummerBroadbent@rhyta.com,Loven1973
"55 Walters Street",,"(03) 5382 2430",GraceGrey-Smith@fleckens.hu,Tang1984
"23 Arthur Street",,"(02) 4025 8062",AlicaDanglow@cuvox.de,Trards
"40 Railway Street",,"(07) 4590 6829",LeviMusgrave@gustr.com,Thencent
"51 Hargrave Road",,"(07) 4566 9026",LeoBayldon@cuvox.de,Plairsion
"43 Larissa Court",,"(03) 5392 4452",DanielVancouver@dayrep.com,Tiondes
"83 Queen Street",,"(02) 9637 6338",AdamKelliher@teleworm.us,Wassecove1964
"1 Martens Place",,"(07) 3938 8981",DominicLowe@dayrep.com,Plover
"43 Kooljak Rd",,"(08) 9084 7793",SethBenny@dayrep.com,Prols1991
"15 Hillsdale Road",,"(07) 3770 5126",HannahPolglaze@dayrep.com,Bution60
"46 Bass Street",,"(02) 6756 2171",NathanCallaghan@gustr.com,Wharb1987
"13 Anderson Street",,"(07) 3887 1140",AidenGilmore@jourrapide.com,Brich1958
"70 Purcell Place",,"(02) 6730 5371",OwenKeith@superrito.com,Stue1940
"19 Springhill Bottom Road",,"(03) 6289 5281",ClaireForrest@gustr.com,Seensess
"27 Beach Street",,"(03) 6221 8460",KeiraGaunson@jourrapide.com,Bessuchim
"92 Kaesler Road",,"(08) 8771 7464",PatrickFreeleagus@einrot.com,Linut1966
"35 Sinclair Street",,"(08) 8358 7583",BriannaHooker@teleworm.us,Fordem96
"36 Lowe Street",,"(07) 4541 5968",ZacEumarrah@einrot.com,Thaniorefore
"39 Horsington Street",,"(03) 8559 8291",JulianWilks@gustr.com,Gailintence
"34 Moores Drive",,"(08) 8707 7550",JesseWatsford@fleckens.hu,Longe1968
"45 Davenport Street",,"(02) 6133 8722",IndianaMoor@fleckens.hu,Spons1939
"43 Corny Court",,"(08) 8722 7704",AlannahHenschke@einrot.com,Gioncy
"85 McPherson Road",,"(03) 5333 0839",JamesSimos@dayrep.com,Faloseention00
"15 Cedar Street",,"(07) 4018 4673",ZacSugerman@fleckens.hu,Wherne
"79 Glen William Road",,"(07) 4046 0033",EdwardGarvin@fleckens.hu,Schart
"72 Cornish Street",,"(03) 8685 5441",JaxonKerry@armyspy.com,Amurectime
"70 Kogil Street",,"(02) 6704 6110",DakotaBednall@jourrapide.com,Bedingled
"90 Armstrong Street",,"(03) 5351 0132",LucindaMetcalfe@rhyta.com,Usbodleacter
"78 Jacabina Court",,"(02) 6635 1895",SummerGlassey@einrot.com,Figh1963
"26 Prince Street",,"(02) 6754 8775",AnnabelleGullett@rhyta.com,Alcour
"20 Glenpark Road",,"(02) 6757 0499",OliviaMetcalfe@jourrapide.com,Pused1958
"31 Murphy Street",,"(08) 9047 4753",AlexandraJude@teleworm.us,Hunce1997
"79 Tapleys Hill Road",,"(08) 8380 1332",CodyCurry@teleworm.us,Ofess1939
"85 Kooljak Rd",,"(08) 9018 8558",FinnMontez@jourrapide.com,Appose63
"58 Delan Road",,"(07) 3148 8406",EdwardCrossley@superrito.com,Tilsoopon
"84 Prince Street",,"(02) 6786 4564",MayaBurrowes@teleworm.us,Becter64
"58 Shirley Street",,"(07) 3867 7569",JoelGay@gustr.com,Adisaid
"83 Cassinia Street",,"(02) 6185 1792",JeremyPrieur@cuvox.de,Giarised
"44 Hay Point Road",,"(07) 4959 0041",EdenBaldwin@dayrep.com,Adder1990
"89 Endeavour Drive",,"(08) 8775 4728",BrodieRowley@gustr.com,Crypedged
"68 Spencer Street",,"(07) 5341 9210",LaylaLeeper@einrot.com,Idefor84
"6 Cherokee Road",,"(03) 5305 0420",DeanSpyer@fleckens.hu,Therstrewher
"97 Punchs Creek Road",,"(07) 4534 5073",JacobFalleni@armyspy.com,Restandly
"45 Harris Street",,"(03) 5320 9471",HenryMcEwan@einrot.com,Omed1951
"86 Mackie Street",,"(02) 4053 0409",JacobMorrice@teleworm.us,Amoved1972
"93 Tapleys Hill Road",,"(08) 8397 1748",GeorgiaLaura@rhyta.com,Majew1971
"16 Sunraysia Road",,"(03) 5391 1061",TobyBlanc@jourrapide.com,Famery
"65 Weemala Avenue",,"(02) 4074 4036",AshleyGrimm@fleckens.hu,Frithat
"27 Jones Road",,"(07) 3931 7198",FlynnFitzsimons@einrot.com,Youghty62
"1 Ridge Road",,"(07) 3912 2553",JessicaNutt@cuvox.de,Anstating
"41 Loris Way",,"(08) 9071 2770",AngusMcCulloch@einrot.com,Rompairs
"32 Henry Street",,"(03) 5332 6258",EllieWortman@rhyta.com,Easpost
"97 McPherson Road",,"(03) 5301 9908",BrockHeap@dayrep.com,Gring1937
"23 Railway Avenue",,"(03) 5326 7763",ArchieCazneaux@fleckens.hu,Brigingening35
"75 Bayfield Street",,"(03) 6227 9607",LiamSampson@einrot.com,Aftiltake
"49 Halsey Road",,"(08) 8273 5684",DylanYarnold@jourrapide.com,Notheeptist
"93 Baker Street",,"(08) 9009 5377",TysonBest@superrito.com,Ansted
"29 Patton Street",,"(03) 9199 9803",EvaMcCann@einrot.com,Gustanotests
"14 Hereford Avenue",,"(08) 8287 7154",JakeBrown@jourrapide.com,Beded1965
"64 Boorie Road",,"(07) 4593 3090",DarcyKern@superrito.com,Supose
"87 Cambridge Street",,"(02) 4725 6926",MakaylaButler@armyspy.com,Sirigh
"62 Banksia Street",,"(08) 9021 0991",AlanaTodd@gustr.com,Lowl1991
"45 Black Point Drive",,"(08) 8766 1493",JacobVosper@armyspy.com,Ondood
"46 Quintin Street",,"(07) 3263 6355",AshtonBarkman@dayrep.com,Haverdessis
"54 Woolnough Road",,"(08) 8369 2839",BellaShout@cuvox.de,Prinfoo
"53 Swanston Street",,"(03) 5334 8438",JulianChallis@einrot.com,Hantivane
"92 Ross Street",,"(07) 5691 1467",HudsonTishler@armyspy.com,Scombed
"32 Banksia Court",,"(07) 4031 3570",BrockDods@teleworm.us,Libereat
"6 Shadforth Street",,"(03) 5350 5673",MadelineDuRieu@rhyta.com,Worcen
"14 Armstrong Street",,"(03) 5374 0372",ZaraCoppleson@armyspy.com,Struelf
"85 Crofts Road",,"(03) 5360 3632",AngusKorner@cuvox.de,Thavingthers
"77 Swanston Street",,"(03) 5333 5519",AshleyBoucaut@gustr.com,Nuall1963
"91 Wright Street",,"(07) 5301 8359",RoryElkin@cuvox.de,Ouction
"31 Cherokee Road",,"(03) 5386 7658",RyderJohnstone@einrot.com,Bire1958
"87 Punchs Creek Road",,"(07) 4550 8674",ZaneMcPhillamy@gustr.com,Thearded
"15 Marloo Street",,"(08) 8247 3605",EllaMarch@armyspy.com,Yese1993
"70 Black Point Drive",,"(08) 8797 9212",LukeBaldwinson@jourrapide.com,Hasexce
"4 High Street",,"(08) 8370 2718",MariamFairthorne@teleworm.us,Fichun
"27 Wigley Street",,"(08) 8349 1964",ChloeWakefield@gustr.com,Allagarl
"33 Forrest Road",,"(02) 4024 6652",NatashaGeiger@rhyta.com,Rearmem
"1 Garden Place",,"(03) 5359 3096",DarcyDadswell@fleckens.hu,Histict
"1 Meyer Road",,"(08) 8367 7674",NicholasCantor@dayrep.com,Caliall1988
"1 Quintin Street",,"(07) 3188 9430",AlexTrigg@fleckens.hu,Youghe
"97 Corio Street",,"(03) 5341 8583",JessicaBridgeford@superrito.com,Arte1964
"27 Banksia Court",,"(07) 4017 4591",StephanieFarncomb@dayrep.com,Sulthen
"86 Punchs Creek Road",,"(07) 4594 9743",LolaMetters@armyspy.com,Teminy
"66 McLaughlin Road",,"(07) 4571 0710",KobyKarloan@cuvox.de,Rept1970
"92 Chester Street",,"(02) 6668 5257",AlicaWoodruff@cuvox.de,Siall1949
"37 Woodlands Avenue",,"(02) 9271 4293",MarcusHorgan@superrito.com,Wasto1987
"33 Sinclair Street",,"(08) 8396 5053",JaiBenson@jourrapide.com,Nearter
"58 Sunset Drive",,"(07) 4901 5081",CharliMacgeorge@rhyta.com,Peale1995
"25 Chapman Avenue",,"(02) 4700 4657",ZacNicolle@cuvox.de,Sprold
"41 Girvan Grove",,"(03) 5304 5144",SavannahMcLaughlin@fleckens.hu,Herestow
"25 Crofts Road",,"(03) 5391 0096",KaylaEarp@dayrep.com,Eventere1939
"1 Boughtman Street",,"(03) 9926 0925",OscarSkene@fleckens.hu,Carther
"30 Boulter Close",,"(07) 4022 8099",BriannaClement@gustr.com,Unat1983
"89 Duff Street",,"(08) 9066 4927",PatrickFawkner@armyspy.com,Splad1959
"36 Dora Creek",,"(02) 6730 7427",MasonGregson@armyspy.com,Fortall
"91 Nandewar Street",,"(02) 6796 6378",AndrewCaleb@jourrapide.com,Cappen
"53 South Molle Boulevard",,"(07) 4074 0216",JonathanMorrill@fleckens.hu,Consel96
"26 Monteagle Road",,"(02) 6178 3814",AlannahTorpy@teleworm.us,Lovervicieds
"96 Patton Street",,"(03) 9418 8987",BenMayne@gustr.com,Cepteas
"79 Girvan Grove",,"(03) 5301 4431",RachelHavelock@teleworm.us,Efoody
"20 Pelican Road",,"(08) 9085 4228",IslaMcGee@superrito.com,Havermed
"82 Thyme Avenue",,"(07) 4556 9898",KiaraDicks@rhyta.com,Beffele1997
"18 High Street",,"(08) 8327 5288",LeahBarrett@dayrep.com,Spatim1982
"86 Round Drive",,"(02) 4933 1002",OwenMathias@dayrep.com,Thabelloved
"98 Cherokee Road",,"(03) 5305 7599",BraydenJacka@teleworm.us,Mountrady
"76 Goebels Road",,"(07) 4595 7892",HamishEthel@dayrep.com,Finy1936
"55 English Street",,"(08) 8276 6960",BriannaSomerset@armyspy.com,Trae1978
"38 Berambing Crescent",,"(02) 8382 1409",KiaraFalk@cuvox.de,Diany1990
"12 Kooljak Rd",,"(08) 9033 4271",AshtonMcBrien@einrot.com,Dagothead
"44 Ageston Road",,"(07) 4540 1586",AliSnowball@gustr.com,Xylashe
"1 Sunnyside Road",,"(08) 8778 4984",SarahMasson@dayrep.com,Thastion
"44 Wollombi Street",,"(02) 4975 0066",ClaireSkillen@armyspy.com,Incion
"91 Roseda-Tinamba Road",,"(03) 5322 0230",DylanDarnell-Smith@einrot.com,Fiedill
"54 McPherson Road",,"(03) 5347 1990",AngusSainthill@einrot.com,Anal1953
"62 Tanner Street",,"(07) 3008 8310",RileyAiston@dayrep.com,Hatimon
"82 Thomas Lane",,"(03) 9167 6472",KaiCatani@dayrep.com,Saighterse
"88 Butler Crescent",,"(02) 4932 4233",JustinChase@cuvox.de,Whoseeps
"14 Frencham Street",,"(02) 6145 4115",BellaSingh@superrito.com,Socculd
"76 Corny Court",,"(08) 8722 1551",TylerHarvey@rhyta.com,Eveithe1986
"55 Marley Point Road",,"(03) 5368 2002",AndrewClifton@armyspy.com,Shil1948
"68 Point Walter Road",,"(08) 9448 3983",AaronKernot@teleworm.us,Drebeguing1952
"71 Border Drive",,"(02) 6150 7211",MaxLort@dayrep.com,Bastoofter
"75 Goldfields Road",,"(07) 4508 4494",AshtonJoubert@dayrep.com,Madminge54
"19 Porana Place",,"(08) 9089 8012",ConnorBullen@cuvox.de,Spirs1958
"60 Mnimbah Road",,"(02) 4950 5021",DarcyBland@fleckens.hu,Rigand
"35 Nandewar Street",,"(02) 6715 7636",AshtonONeil@rhyta.com,Thect1981
"58 Kerma Crescent",,"(02) 4024 7929",BriannaLovell@fleckens.hu,Truces
"83 Punchs Creek Road",,"(07) 4548 9789",CalebLegg@teleworm.us,Whemand45
"47 Chatsworth Road",,"(02) 6769 8651",JesseStang@fleckens.hu,Thavows
"40 Bathurst Road",,"(02) 4022 1539",HudsonWollstonecraft@fleckens.hu,Tors1997
"43 Gilbert Street",,"(03) 6264 5998",SavannahMorice@einrot.com,Whapt1964
"92 Jacolite Street",,"(08) 8351 0143",TimothyEasterby@teleworm.us,Wounieve1935
"84 Tennyson Road",,"(02) 9472 2660",MaryLeach@jourrapide.com,Faleas
"77 Daly Terrace",,"(08) 9219 5086",SebastianPhillip@dayrep.com,Befoulot
"10 Woolnough Road",,"(08) 8365 4787",LilyAshley@gustr.com,BoyÃ©
"12 Romawi Road",,"(03) 5361 4021",IsaacSweetapple@einrot.com,Youds1983
"60 Forrest Road",,"(02) 4079 7092",BenjaminAaron@cuvox.de,Pinuplanst
"28 Henley Beach Road",,"(08) 8202 2047",MiaLord@rhyta.com,Insing
"24 Creedon Street",,"(03) 9159 6403",JasmineWhitelaw@dayrep.com,Adving
"40 Banksia Court",,"(07) 4091 8058",JohnFaunce@rhyta.com,Proo1977
"26 Sunnyside Road",,"(08) 8700 5850",MariamPardey@superrito.com,Lope1964
"69 McKillop Street",,"(03) 5368 0561",AnnaLoftus-Hills@cuvox.de,Thedis
"81 Gloucester Avenue",,"(08) 8245 2615",PiperHutton@superrito.com,Antin1944
"16 Henry Street",,"(03) 5327 8171",NicholasMcCash@cuvox.de,Shem1934
"75 Rose Street",,"(03) 9341 1575",SkyeKerry@rhyta.com,Plumakeem
"81 Hereford Avenue",,"(08) 8232 3511",IsabellaHardwicke@rhyta.com,Mysing
"59 South Molle Boulevard",,"(07) 4002 2648",StephanieCharlton@gustr.com,Ealiche
"72 Commercial Street",,"(03) 8039 6012",KateDeamer@fleckens.hu,Sperchative
"82 Springhill Bottom Road",,"(03) 6284 7842",ErinMcLucas@rhyta.com,Mostanquest1934
"18 Woerdens Road",,"(02) 4975 6654",ThomasShepherd@armyspy.com,Alaing
"12 Gloucester Avenue",,"(08) 8249 5505",MollyDooley@jourrapide.com,Andill
"96 Cassinia Street",,"(02) 6104 0158",JoshuaHaire@gustr.com,Sualliare
"43 Oriana Street",,"(02) 9932 4840",AliRamsbotham@gustr.com,Havol1936
"27 Sullivan Court",,"(03) 5328 9658",CodyCattanach@gustr.com,Thomenjobts
"91 Shadforth Street",,"(03) 5384 8255",JackPiddington@teleworm.us,Saingess
"93 Bourke Crescent",,"(03) 5388 7177",LilianChuter@cuvox.de,Warang
"24 Bayview Close",,"(07) 4911 1520",ThomasMcLarty@dayrep.com,Sumanducke
"7 Boonah Qld",,"(07) 4577 8055",LeviDerrington@superrito.com,Sammat
"84 Railway Avenue",,"(03) 5326 1679",JesseOgilvie@einrot.com,Moderfe
"89 Villeneuve Street",,"(03) 8648 7647",GeorgeHyam@cuvox.de,Appont
"7 Prince Street",,"(02) 6716 5134",NoahBracker@dayrep.com,Offirtansay1954
"74 Ranworth Road",,"(08) 9325 3199",AlexisAllport@armyspy.com,Thury1995
"96 Marlin Avenue",,"(02) 6116 8806",SophieDumas@rhyta.com,Drier1962
"51 McPherson Road",,"(03) 5391 6901",MariamProby@dayrep.com,Ligine53
"66 Marley Point Road",,"(03) 5339 1317",CaitlinAlcock@fleckens.hu,Liss1947
"26 Commercial Street",,"(03) 8012 0111",WilliamHuddart@superrito.com,Supookeed
"77 Norton Street",,"(02) 4304 9171",SebastianEumarrah@einrot.com,Cappillemper
"42 Gaggin Street",,"(02) 4963 9861",GracePercy@rhyta.com,Gooked1941
"44 Porana Place",,"(08) 9079 1564",SaraJefferis@rhyta.com,Wasibint
"72 Atkinson Way",,"(08) 9037 6933",AliMcLean@fleckens.hu,Sentin
"73 Maintongoon Road",,"(03) 5375 6152",FlynnEnglish@fleckens.hu,Folven
"95 Darwinia Loop",,"(08) 9002 3261",AliMcCawley@dayrep.com,Mosticen
"60 Delan Road",,"(07) 3944 0154",BrockBraine@superrito.com,Marpoe
"78 Ferny Avenue",,"(07) 3500 8806",ArcherJacobs@einrot.com,Landshly
"81 Loris Way",,"(08) 9072 2048",AndrewHardy@cuvox.de,Themay1960
"76 Mt Berryman Road",,"(07) 4538 5074",JadeBloch@fleckens.hu,Xyll1987
"40 Mildura Street",,"(03) 6271 2692",MikaylaSouthee@rhyta.com,Bareselle60
"34 Meyer Road",,"(08) 8305 5807",MarcusMcCready@jourrapide.com,Sert1966
"80 Mnimbah Road",,"(02) 4902 0309",CharlesRoyal@armyspy.com,Hasuld
"39 Capper Street",,"(07) 3506 0334",AlexMcGuffog@superrito.com,Callynnusers
"69 Dossiter Street",,"(03) 6200 5940",HollySpaull@gustr.com,Maturmin
"37 Woodlands Avenue",,"(02) 9328 5046",DylanBuley@armyspy.com,Mitte1974
"87 Farrar Parade",,"(08) 9062 4665",AudreyMacredie@gustr.com,Minsou
"20 Chatsworth Drive",,"(08) 9380 8342",AliceMinifie@fleckens.hu,Forese
"43 McLaughlin Road",,"(07) 4587 7798",LillyAshley@fleckens.hu,Tobsers
"85 Point Walter Road",,"(08) 9422 5572",SkyeReade@fleckens.hu,Beltonstlend74
"62 High Street",,"(08) 8377 9117",TaylahAinsworth@fleckens.hu,Dessemot
"64 Dora Creek",,"(02) 6716 3655",EdwardMacCarthy@teleworm.us,Lijjoing1990
"83 Gadd Avenue",,"(08) 8721 2032",AbbyGaffney@armyspy.com,Doweed
"39 Mandible Street",,"(07) 4502 0871",PiperSunderland@jourrapide.com,Dolus1978
"83 Mills Street",,"(03) 5326 7679",EllieWilks@gustr.com,Quatere
"35 Boorie Road",,"(07) 4500 2254",JustinLovegrove@gustr.com,Brover40
"32 Badgery Road",,"(02) 6103 1127",TaylahSpain@teleworm.us,Moused
"86 Mendooran Road",,"(02) 4080 0128",AnnabelleClendinnen@dayrep.com,Headee
"54 Baker Street",,"(08) 9021 4354",JeremyBadgery@armyspy.com,Begaing43
"75 Stillwater Avenue",,"(08) 9054 4196",HunterPearce@jourrapide.com,Hadity
"26 Edgecliff Road",,"(02) 9832 3368",ChloeCostello@fleckens.hu,Thowithed
"57 Church Street",,"(08) 8750 4756",EbonySpedding@fleckens.hu,Anxionce
"5 Correa Place",,"(08) 8952 1902",EmilyRoyston@gustr.com,Pospits
"3 Campbells River Road",,"(02) 4069 7501",AngelinaShields@jourrapide.com,Bril1978
"67 Brown Street",,"(02) 9122 1074",BethanyBenham@dayrep.com,Pubjer
"49 Elizabeth Street",,"(07) 5382 5140",GabrielChaffey@jourrapide.com,Versely
"31 Corny Court",,"(08) 8756 4966",GemmaSamuels@fleckens.hu,Wasseene
"2 Raglan Street",,"(07) 4599 6643",AnnabelleFernando@cuvox.de,Colookstal1980
"22 Chapman Avenue",,"(02) 4056 9912",SofiaBrownbill@einrot.com,Nonvize
"30 Goebels Road",,"(07) 4542 0804",MayaEwen@fleckens.hu,Fecrused
"3 Woodwark Crescent",,"(07) 4041 8696",BaileyCass@dayrep.com,Ouromighave
"65 Isaac Road",,"(03) 6244 6192",KobyDame@gustr.com,Pecter
"51 Shell Road",,"(03) 5308 0584",TylerWhitham@einrot.com,Exclects69
"73 Panorama Road",,"(02) 6760 5254",JosephLaffer@armyspy.com,Welly1940
"40 Hunter Street",,"(07) 4539 7831",AustinWeeks@einrot.com,Deakeple
"70 South Street",,"(03) 6273 8628",AnthonyShellshear@fleckens.hu,Afrome
"1 Dabinett Road",,"(08) 8250 8245",AmberEgge@gustr.com,Taind1933
"68 Fernleigh Ave",,"(02) 4070 8888",SethAllsop@armyspy.com,Somele90
"62 Jones Street",,"(03) 6292 8110",JadeLangton@jourrapide.com,Sunitoomas
"4 Harris Street",,"(03) 5327 3913",EveLeason@dayrep.com,Wist1961
"61 Mandible Street",,"(07) 4524 2141",NathanSpeckman@teleworm.us,Lorguir
"59 Watson Street",,"(03) 5363 0071",BrodieTate@teleworm.us,Truing1951
"80 Panorama Road",,"(02) 6754 0707",SaraMcGavin@gustr.com,Soored
"38 Faulkner Street",,"(02) 6793 9272",RyderHagen@rhyta.com,Heivices
"91 Cherokee Road",,"(03) 5357 2247",VictoriaSkuthorp@superrito.com,Cationexprot1967
"87 Kopkes Road",,"(03) 5381 4774",AmberFairbridge@dayrep.com,Upecent
"62 Grandis Road",,"(02) 6786 2659",JasperNoblet@einrot.com,Shars1970
"19 Aquatic Road",,"(02) 4930 8154",HamishBehrend@fleckens.hu,Liviss
"77 Grandis Road",,"(02) 6720 2288",LaylaForrest@gustr.com,Evend1945
"35 Sydney Road",,"(02) 4002 0730",AlyssaKean@rhyta.com,Shopmed
"56 Cherokee Road",,"(03) 5324 2853",SofiaParrott@dayrep.com,Artheyely
"90 Campbells River Road",,"(02) 4010 1855",MillaSceusa@rhyta.com,Mincephy
"8 Lewin Street",,"(02) 6114 6178",AnnaJulia@teleworm.us,Moonce
"64 Blairgowrie Avenue",,"(02) 6124 5944",PhoebeLangslow@rhyta.com,Vered1973
"49 Weemala Avenue",,"(02) 4091 1754",HannahRubin@rhyta.com,Dowanceares
"53 Cubbine Road",,"(08) 9014 3359",ZaneDivine@cuvox.de,Andento
"71 Sinclair Street",,"(08) 8370 7151",FlynnCamden@armyspy.com,Hicis1936
"28 Fairview Street",,"(03) 5380 8777",MichaelCarne@armyspy.com,Artheaduck
"99 Bungana Drive",,"(08) 8362 0005",LilianPaul@teleworm.us,Amehionark
"43 Ashton Road",,"(08) 9099 5563",ElijahNicholson@rhyta.com,Goon1961
"61 Arthur Street",,"(02) 4086 5681",AlanaCutts@superrito.com,Upcomew
"27 Millicent Drive",,"(02) 4986 2288",ZaraNoblet@fleckens.hu,Sarehely
"96 McLaughlin Road",,"(07) 4589 6614",SamNapier@jourrapide.com,Thervelp
"39 Capper Street",,"(07) 3288 7629",BeauMoreton@rhyta.com,Fairld
"71 Mandible Street",,"(07) 4582 2133",HayleyNiven@rhyta.com,Sireares
"64 South Street",,"(03) 6280 0117",RachelDicks@teleworm.us,Sigum1966
"67 Sullivan Court",,"(03) 5317 7917",OwenAlden@superrito.com,Wastionews
"49 Gaggin Street",,"(02) 4977 6472",MatthewAdams@cuvox.de,Wastry
"2 Yulara Drive",,"(08) 8271 1395",BrockStGeorge@teleworm.us,Heyesed
"89 Tennyson Road",,"(02) 6243 8072",CallumBaxter@superrito.com,Ablencesee
"11 Feather Street",,"(07) 5309 7311",HollyGale@superrito.com,Knotood
"24 Plantation Place",,"(02) 4087 9441",GraceRawson@fleckens.hu,Hornou
"94 Mills Street",,"(03) 5332 5711",GeorgeBoyce@gustr.com,Reptupose
"93 Panorama Road",,"(02) 6740 3301",LeahKnibbs@cuvox.de,Tores1942
"59 Gloucester Avenue",,"(08) 8355 7070",JessicaLogan@teleworm.us,Vinalwases
"13 Forrest Road",,"(02) 4055 7369",ZacharySeiffert@teleworm.us,Dingence1980
"73 Nandewar Street",,"(02) 6737 1014",AlexisPound@superrito.com,Cating
"81 Magnolia Drive",,"(02) 6273 3644",BriannaGentile@jourrapide.com,Afrocke
"66 Round Drive",,"(02) 4918 5748",BriannaODea@gustr.com,Afeat1954
"41 Arthur Street",,"(02) 4042 3168",WilliamColvin@armyspy.com,Antletch96
"31 Goebels Road",,"(07) 4500 3108",JoelMcBride@cuvox.de,Formenjoute
"33 Acheron Road",,"(03) 5343 6709",SofiaBelbin@gustr.com,Canualal
"96 Aquatic Road",,"(02) 4964 2914",VictoriaMcCready@dayrep.com,Theye1991
"96 Ashton Road",,"(08) 9001 3011",AdamJenkin@cuvox.de,Inlyrib
"45 Ugoa Street",,"(02) 4957 4108",BaileyHartung@jourrapide.com,Briong
"18 Yangan Drive",,"(02) 6746 4633",JoshuaHawkins@cuvox.de,Hisabought
"77 Oriana Street",,"(02) 9767 0780",TylerSpielvogel@cuvox.de,Sphe1998
"46 Saggers Road",,"(08) 9089 8360",ElizabethHermann@armyspy.com,Haval1937
"55 Chapman Avenue",,"(02) 4066 7925",LucasDenison@armyspy.com,Yousticheare
"64 Warren Avenue",,"(02) 4999 9432",RoseHales@einrot.com,Imis1954
"32 Masthead Drive",,"(07) 4960 3692",BeauJefferis@einrot.com,Tratc1966
"79 Florabunda Lane",,"(02) 4642 2155",BeauSimpkinson@einrot.com,Theablen
"61 Sale Street",,"(02) 4073 2476",HayleySwanston@jourrapide.com,Abelity
"63 Point Walter Road",,"(08) 9413 7846",SavannahMagoffin@armyspy.com,Twoultaidne1974
"88 Ridge Road",,"(07) 3959 4632",LucasHelbig@gustr.com,Noput1941
"54 Eungella Road",,"(07) 4018 4472",PaigeHides@armyspy.com,Hiphell
"3 Main Street",,"(08) 8204 4519",CameronSheldon@gustr.com,Ameat1952
"76 Daly Terrace",,"(08) 9274 3226",PoppyLaidlaw@fleckens.hu,Whins1994
"4 Bayley Street",,"(03) 9449 4876",GabrielleCaffyn@gustr.com,Comn1958
"52 Mackie Street",,"(02) 4020 0894",JeremyPerrier@einrot.com,Vidn1991
"7 Tooraweenah Road",,"(02) 4053 5616",AnnaGlew@superrito.com,Mornight
"23 Cecil Street",,"(02) 4364 3872",MaryBice@gustr.com,Ationestreen
"95 Sinclair Street",,"(08) 8356 7024",AmelieMcWilliams@dayrep.com,Untly1993
"18 Bayview Close",,"(07) 4960 8519",AidenMcKenna@rhyta.com,Congly
"33 Fernleigh Ave",,"(02) 4043 2796",MollyMullah@armyspy.com,Manswery
"50 Peterho Boulevard",,"(08) 8357 0082",MatildaBibb@rhyta.com,Firep1964
"15 Farnell Street",,"(02) 4006 7192",AdamCustance@fleckens.hu,Yesso1962
"15 Lowe Street",,"(07) 4547 1734",KiaraThorby@jourrapide.com,Yousessung
"47 Bungana Drive",,"(08) 8379 4911",BaileyBussell@gustr.com,Owereve
"76 Kintyre Street",,"(07) 3136 8617",SophiaVanzetti@teleworm.us,Hishly
"66 Meyer Road",,"(08) 8378 1158",MollyWawn@jourrapide.com,Obbigh
"63 Gloucester Avenue",,"(08) 8230 9962",NateGillespie@jourrapide.com,Prilese
"29 Cunningham Street",,"(07) 4557 5896",LucindaGoode@dayrep.com,Alibbeiver
"55 Kogil Street",,"(02) 6770 9237",MiaLawrence@superrito.com,Marin1941
"36 Benny Street",,"(03) 6223 4252",RubyBrunning@dayrep.com,Youn1980
"13 Anderson Street",,"(07) 3346 3560",JesseKaylock@einrot.com,Phrebre
"9 McLeans Road",,"(07) 3942 6984",StephanieCombes@superrito.com,Whouter
"5 Oak Street",,"(02) 6769 4585",KeiraTroy@cuvox.de,Wourry
"45 Larissa Court",,"(03) 5337 2933",SophiaNoack@fleckens.hu,Phan1939
"71 Beach Street",,"(03) 6207 8286",IsabelBlaubaum@teleworm.us,Butever96
"12 Chatsworth Drive",,"(08) 9347 1346",DakotaBlundell@fleckens.hu,Thiets
"46 Shirley Street",,"(07) 3941 4453",GeorgiaWarburton@jourrapide.com,Expless1984
"25 Clifton Street",,"(03) 5302 7183",SebastianButton@cuvox.de,Scat1940
"40 Spencer Street",,"(07) 5321 4171",LillyMikluho-Maklai@cuvox.de,Eand1952
"62 Timms Drive",,"(02) 4694 1694",PatrickBugnion@einrot.com,Siriand
"19 Ulomogo Street",,"(02) 4077 3737",HarrisonPeppin@cuvox.de,Recamus
"39 Blairgowrie Avenue",,"(02) 6157 1328",LeahBenson@teleworm.us,Fortion
"69 Hodgson St",,"(07) 4501 2267",OliviaWadsworth@fleckens.hu,Coutiquather
"11 Flax Court",,"(03) 5387 0865",KatieBoyce@armyspy.com,Qualet
"75 Spring Creek Road",,"(03) 5375 5340",KobyQuinn@jourrapide.com,Hunhis
"77 Gaffney Street",,"(03) 5394 4682",BlakeOFarrell@dayrep.com,Searry
"71 Walters Street",,"(03) 5340 4804",CodyGoethe@teleworm.us,Alreten
"74 Fairview Street",,"(03) 5305 9125",JeremyByrne@dayrep.com,Hishope
"83 Mt Berryman Road",,"(07) 4561 6979",AlexisMott@jourrapide.com,Nuied1989
"97 Shamrock Avenue",,"(02) 4010 8924",AmberHerron@fleckens.hu,Eing1957
"79 Mnimbah Road",,"(02) 4975 7194",StellaAllardyce@rhyta.com,Warrot
"8 Carolina Park Road",,"(02) 9790 8327",MackenzieMackenzie@cuvox.de,Entime59
"98 Corio Street",,"(03) 5364 5258",HamishKnopwood@rhyta.com,Muccalto
"71 Florabunda Lane",,"(02) 4693 2113",LukeOsman@gustr.com,Gessookin1968
"43 Lane Street",,"(03) 9735 4752",ThomasBostock@armyspy.com,Yountand49
"20 Gaggin Street",,"(02) 4927 5745",VictoriaStutchbury@teleworm.us,Tretind
"66 Rose Street",,"(03) 9812 5524",MaryBowser@rhyta.com,Mitter
"13 Cassinia Street",,"(02) 6154 5451",RubySemmens@einrot.com,Promestruche
"15 Frencham Street",,"(02) 6187 8987",JamieNorriss@rhyta.com,Therhad
"42 Hillsdale Road",,"(07) 3575 8365",FinnGerrald@armyspy.com,Falwye
"8 Savages Road",,"(07) 3582 4063",JettProut@jourrapide.com,Publearnow
"9 Edward Bennett Drive",,"(02) 9366 4367",AbbeyOgilby@teleworm.us,Suind1944
"61 Link Road",,"(03) 6212 5722",MaryDowner@einrot.com,Saut1958
"70 Corio Street",,"(03) 5369 2042",CaitlinSquire@gustr.com,Figemingthe
"46 Edgewater Close",,"(02) 4073 3539",AlanaMulley@fleckens.hu,Teme1939
"44 Tennyson Road",,"(02) 4641 6729",EmmaWinifred@rhyta.com,Eventrou
