GivenName,StreetAddress,EmailAddress,Username,TelephoneNumber,NationalID
Dylan,"1414 Rockwell Lane",DylanWarren@teleworm.us,Minut1939,252-627-1651,684-09-8826
Jasper,"628 Bubby Drive",JasperDenison@rhyta.com,Twerme,512-389-9679,467-56-9355
Emily,"1818 Vernon Street",EmilyLithgow@gustr.com,Hame1953,760-680-1642,609-09-8582
Dominic,"2016 Lake Road",DominicTurnbull@dayrep.com,Stelf1973,609-292-1156,138-15-8369
Jett,"1570 Blane Street",JettPrerauer@gustr.com,Ourns1974,314-534-6439,487-36-7054
Abigail,"3666 Norma Avenue",AbigailFriend@armyspy.com,Purry1969,937-225-2504,297-84-3198
Summer,"335 Cambridge Court",SummerBosisto@cuvox.de,Youpe1950,479-878-6759,679-09-2024
Isla,"693 Old House Drive",IslaTeague@teleworm.us,Thattly,740-968-1126,275-04-0695
Luke,"1545 Queens Lane",LukeTanner@teleworm.us,Porang,434-738-9212,226-05-6187
Taj,"2501 Marigold Lane",TajWinter-Irving@dayrep.com,Sibut1956,305-383-4503,772-34-8977
Edward,"3359 Providence Lane",EdwardDexter@rhyta.com,Angled,626-849-6802,572-96-2082
Kiara,"1100 Brooke Street",KiaraMarston@teleworm.us,Faught,713-693-6322,644-20-7486
Charlotte,"2172 Berkshire Circle",CharlotteRuwolt@fleckens.hu,Saling1962,865-767-5493,759-01-9844
Timothy,"3963 Coburn Hollow Road",TimothyDarker@gustr.com,Rownintoed88,309-449-2305,325-60-0237
Hayden,"1971 School Street",HaydenNeil@teleworm.us,Nobbland,202-947-4991,577-98-7373
Zane,"664 Clover Drive",ZaneBallow@gustr.com,Lonsward,719-381-9620,522-23-9936
Aaron,"2053 Nicholas Street",AaronSteigrad@dayrep.com,Ming1996,785-227-2443,514-28-3334
Abby,"4339 Aviation Way",AbbyManton@gustr.com,Paropoebacks,213-812-0049,569-78-5198
Tahlia,"1194 River Road",TahliaRusconi@dayrep.com,Squitteord,719-565-5350,522-34-1755
Emma,"4535 Kovar Road",EmmaInnes-Noad@armyspy.com,Fince1980,508-574-2322,028-66-0862
Holly,"2568 Camel Back Road",HollyDibbs@einrot.com,Oneret1968,918-616-1352,448-92-1355
Aaron,"1205 Quiet Valley Lane",AaronSisley@armyspy.com,Fleapid,818-910-3718,607-07-4583
Toby,"3488 Bruce Street",TobyHandcock@teleworm.us,Notend,314-264-3794,487-52-7034
Abbey,"148 Zappia Drive",AbbeySchurr@armyspy.com,Mitersell1938,859-361-0643,400-76-4618
Kai,"1046 Jennifer Lane",KaiHatfield@jourrapide.com,Chims1991,919-544-4574,690-05-9318
Alexis,"2065 Progress Way",AlexisMowbray@fleckens.hu,Alayeaker1991,320-249-1701,470-98-5672
Lilian,"4820 Raintree Boulevard",LilianGovett@teleworm.us,Yaress,763-954-8782,475-12-0363
Charles,"2913 Fraggle Drive",CharlesDawn@armyspy.com,Venting,630-362-7185,337-14-1696
Lilian,"4019 Golf Course Drive",LilianPeterson@einrot.com,Gotal1953,703-357-8340,699-03-1691
Evie,"27 Rhode Island Avenue",EvieCurley@armyspy.com,Thaposts,202-415-4635,577-94-8773
George,"3193 Wildrose Lane",GeorgeLandsborough@gustr.com,Compearid,313-838-1200,363-78-8461
Sebastian,"4928 Wakefield Street",SebastianSymes@gustr.com,Witheoper,215-432-8438,174-32-9901
Will,"4492 Waterview Lane",WillBavin@cuvox.de,Camse1957,505-466-1553,648-36-5749
Caitlin,"4538 Confederate Drive",CaitlinCuthbertson@jourrapide.com,Coustopeceir,315-648-5169,086-64-5577
Lily,"359 Andell Road",LilyTildesley@armyspy.com,Wilisting75,614-961-9202,278-22-1378
Alannah,"1606 Short Street",AlannahChelmsford@dayrep.com,Whomest1959,512-871-8987,639-42-3294
Madeline,"4043 Forest Drive",MadelinePercy@rhyta.com,Fering,703-869-9467,225-13-6896
Alica,"2381 Tuna Street",AlicaOShea@superrito.com,Abitte1959,810-905-3879,375-76-0894
Charli,"4078 Old House Drive",CharliVincent@jourrapide.com,Hargereade,740-922-3494,290-82-8555
Declan,"4152 Pearl Street",DeclanWarby@superrito.com,Fricul,916-382-0603,567-06-7029
Riley,"633 Olive Street",RileyCollins@armyspy.com,Huden1980,419-319-6777,292-72-4627
Maddison,"727 Junior Avenue",MaddisonWallwork@teleworm.us,Preme1939,404-543-3628,258-94-8416
Maddison,"4789 Augusta Park",MaddisonSemmens@dayrep.com,Cosper,304-753-3641,233-37-7300
Sam,"3460 Roy Alley",SamLithgow@einrot.com,Uppas1989,303-890-6088,650-01-7826
Jesse,"614 Kimberly Way",JesseAnivitti@dayrep.com,Theirsen,616-824-6905,362-15-7559
Natalie,"2079 Preston Street",NatalieAshbolt@superrito.com,Thef1992,620-967-0420,514-96-4661
Natalie,"2260 Davis Court",NatalieBirtles@einrot.com,Iner1995,618-966-0582,346-12-0938
Olivia,"407 Parrill Court",OliviaMcGuirk@dayrep.com,Cumn1970,219-614-8620,309-01-2333
Alana,"2026 Thomas Street",AlanaWatkins@gustr.com,Togy1989,847-479-1527,324-36-8449
Jessica,"3964 Aspen Court",JessicaPasco@dayrep.com,Anots1976,617-430-0468,031-48-3770
Jorja,"73 Lochmere Lane",JorjaDeVis@cuvox.de,Havenou,860-398-2592,047-52-5887
Jordan,"2500 Radford Street",JordanLienhop@rhyta.com,Negards,502-265-5429,406-05-9225
Bella,"465 Ashcraft Court",BellaBalls-Headley@cuvox.de,Riencrehe,619-317-3042,618-66-5431
Maya,"2461 Rainbow Drive",MayaEve@fleckens.hu,Hatioubjece,330-438-7498,285-04-7061
Angus,"4147 Fieldcrest Road",AngusWager@fleckens.hu,Laticureelit,631-907-0776,100-16-7033
Lauren,"2342 Terra Cotta Street",LaurenHercus@einrot.com,Suicharcon83,218-525-4116,473-44-2468
Luca,"2398 Charmaine Lane",LucaKennion@rhyta.com,Festand,806-433-9111,464-73-4473
Jai,"3661 Roosevelt Street",JaiMathias@teleworm.us,Witheir38,415-401-1401,549-13-2791
Tristan,"470 Grant Street",TristanMiddleton@cuvox.de,Reares,903-842-5274,451-85-3067
Nate,"2968 Hummingbird Way",NateHeagney@jourrapide.com,Gress1933,781-972-8079,033-48-8658
Elijah,"1920 Central Avenue",ElijahJefferson@einrot.com,Jund1937,201-383-3314,147-10-9143
Anna,"4399 Hilltop Street",AnnaAxon@fleckens.hu,Botellould,413-684-5300,022-16-3176
Caitlin,"2287 Randolph Street",CaitlinCostello@rhyta.com,Ponly1980,508-672-0085,013-80-2156
Mitchell,"473 Williams Mine Road",MitchellErnest@dayrep.com,Squou1999,908-237-9184,151-04-4562
Madison,"3361 Modoc Alley",MadisonFenner@rhyta.com,Deboyfaing,208-857-2023,518-94-9687
Jorja,"28 Bicetown Road",JorjaCashin@superrito.com,Thereas,917-329-7183,063-07-7710
Rose,"4097 Sycamore Street",RoseKesteven@armyspy.com,Happled,408-978-9407,626-50-3228
Jeremy,"545 Scenic Way",JeremyWalstab@superrito.com,Thabelloved,217-727-2427,360-34-4836
Toby,"392 Tree Frog Lane",TobyThomas@armyspy.com,Extur1949,816-519-8817,491-70-7702
Annabelle,"4103 Hott Street",AnnabelleFarrar@armyspy.com,Gnim1998,405-556-6075,446-90-1848
Ryder,"4202 Bicetown Road",RyderMondalmi@rhyta.com,Bretterl,917-318-1744,099-82-5178
Emma,"633 Randolph Street",EmmaTyers@teleworm.us,Butted,508-715-1439,023-40-9950
Lara,"2755 Pretty View Lane",LaraGilles@superrito.com,Faider,707-942-5364,558-05-7865
Layla,"196 Abner Road",LaylaTegg@einrot.com,Fitte1967,715-403-7043,387-36-2947
Zac,"4190 Gladwell Street",ZacClark-Duff@teleworm.us,Tiloot,901-948-2273,756-01-3258
Sofia,"2436 Johnson Street",SofiaPatteson@jourrapide.com,Minne1991,919-858-5365,682-09-9062
Ben,"4160 Saint Francis Way",BenMowll@fleckens.hu,Scall1986,267-237-1087,166-68-8734
Dominic,"2666 Hillcrest Lane",DominicAlfred@teleworm.us,Forl1933,949-829-7459,573-09-3653
Jordan,"2351 Reynolds Alley",JordanBavin@rhyta.com,Caushe,562-363-4104,606-60-8547
Charles,"989 Hannah Street",CharlesAlbert@einrot.com,Wases1980,828-363-3650,239-55-3983
Jade,"3286 Farland Street",JadeVerbrugghen@cuvox.de,Witong,774-232-2940,025-62-8933
Mackenzie,"1451 Red Dog Road",MackenzieDeLissa@einrot.com,Pran1967,704-333-4564,245-78-3915
Leah,"1305 Pratt Avenue",LeahDeamer@fleckens.hu,Androm,360-933-3853,536-31-2126
Ryder,"970 North Avenue",RyderBaird@teleworm.us,Entwes,402-785-3821,508-27-3626
Nathan,"2788 Bee Street",NathanAndrews@fleckens.hu,Kingstrus1992,231-836-9789,383-12-9658
Ava,"4786 Fire Access Road",AvaCadman@einrot.com,Beter1950,336-977-8074,242-32-3073
Erin,"1363 Haymond Rocks Road",ErinKates@fleckens.hu,Whousethal,541-528-7588,540-86-9000
Sebastian,"1398 Tail Ends Road",SebastianMonsoor@rhyta.com,Aneent,920-582-1341,393-98-6954
Anthony,"2796 Evergreen Lane",AnthonyChomley@fleckens.hu,Theiche,323-555-8538,609-58-2382
Alice,"3137 Romrog Way",AliceBurkitt@teleworm.us,Aret1980,308-263-5868,506-48-5742
Ali,"3191 Thompson Drive",AliLatour@einrot.com,Marrin1954,510-393-0782,561-04-4548
Anthony,"3626 Masonic Drive",AnthonyMahon@jourrapide.com,Themplealke1993,406-540-5955,516-01-2166
James,"508 Pinnickinick Street",JamesFrank@cuvox.de,Thatect,360-780-1004,538-16-7510
Isaac,"1202 Bluff Street",IsaacBand@dayrep.com,Thosinglone,301-739-6003,220-04-5142
Thomas,"3840 Courtright Street",ThomasChanter@cuvox.de,Bript1958,701-462-5883,502-98-8690
Angus,"4586 Elk Creek Road",AngusRankine@einrot.com,Bler1942,770-522-1190,256-47-8577
Poppy,"3972 Margaret Street",PoppyGoossens@rhyta.com,Takalond,713-914-7803,464-33-7618
Bella,"2516 Diamond Street",BellaGrey@armyspy.com,Mazead,828-551-0345,244-75-7774
Nathan,"3863 Oakwood Circle",NathanDorrington@rhyta.com,Chout1998,949-338-6799,614-02-9384
Tahlia,"3512 Hudson Street",TahliaLiebe@rhyta.com,Motheareeme,973-904-8127,143-84-8304
Charlotte,"2121 Lakeland Terrace",CharlotteFeez@einrot.com,Prilitly,734-345-9909,386-16-5340
Laura,"2430 Hall Place",LauraLew@armyspy.com,Plairsion,903-681-8544,457-26-5225
Indiana,"2077 Werninger Street",IndianaSidney@rhyta.com,Sonififf,832-830-0022,641-84-5462
Savannah,"3270 McDonald Avenue",SavannahReeve@armyspy.com,Syll1951,407-876-8794,265-65-9814
Cody,"2327 Hillview Drive",CodyHirschfeld-Mack@superrito.com,Fend1946,706-961-7585,253-31-1918
Annabelle,"2831 Henery Street",AnnabelleCoulter@dayrep.com,Compond,317-201-5088,314-20-2516
Emma,"2136 Pearcy Avenue",EmmaBaughan@armyspy.com,Aftestood34,262-244-6081,393-42-6661
Nate,"3206 Lake Forest Drive",NateJarman@gustr.com,Haltoorroust72,914-282-7675,114-38-6020
Kate,"4894 Barfield Lane",KateRosevear@dayrep.com,Enut1976,317-594-7977,315-40-3861
Ella,"2460 Camel Back Road",EllaMorwood@superrito.com,Matuareen,918-626-2923,446-42-9710
Oliver,"270 Oral Lake Road",OliverCoe@superrito.com,Agnsur,952-381-9180,471-27-3372
Aiden,"1222 Whiteman Street",AidenKeogh@teleworm.us,Prieved,609-909-4381,141-17-4934
Timothy,"4812 Massachusetts Avenue",TimothyGresswell@superrito.com,Hiscrive,202-806-8283,577-68-6376
Alice,"511 Haven Lane",AliceYoul@cuvox.de,Imption,517-760-3876,379-18-4847
Lola,"3429 Kyle Street",LolaBuzacott@rhyta.com,Brappe,308-546-4836,508-54-7523
Thomas,"3472 Leisure Lane",ThomasSimmonds@fleckens.hu,Ouses1939,805-529-1132,625-58-0882
Erin,"1395 Carson Street",ErinKreitmayer@jourrapide.com,Beglinver,859-266-4578,401-61-1333
Henry,"2136 Reeves Street",HenryWatkins@rhyta.com,Suicklentrot,920-886-2957,387-54-8133
Layla,"4998 Haven Lane",LaylaUhr@teleworm.us,Hemaniar,517-628-3126,367-94-9782
Ellie,"1795 Wildrose Lane",EllieEstell@einrot.com,Prifid,313-840-8927,373-86-7457
Dylan,"974 Ward Road",DylanLonergan@superrito.com,Adaying,915-205-4777,463-94-5782
Makayla,"171 Coffman Alley",MakaylaCunneen@superrito.com,Gooming,270-708-4305,401-27-4036
Lilly,"4875 Lucy Lane",LillyHogue@armyspy.com,Smuld1939,812-467-4851,315-88-1132
Leo,"3725 High Meadow Lane",LeoBayley@armyspy.com,Etted1997,570-546-1501,198-22-2479
Abbey,"4395 Ottis Street",AbbeyFishbourne@armyspy.com,Feuppied,405-321-5940,441-56-4029
Declan,"4361 Morris Street",DeclanMaund@cuvox.de,Mergessee,830-283-0870,467-01-4582
Will,"3241 Mutton Town Road",WillDenham@teleworm.us,Struity52,360-619-4098,536-09-8060
Brayden,"2789 Golden Street",BraydenBainton@superrito.com,Cren1960,305-609-0168,592-59-4832
Molly,"3590 Bluff Street",MollyBuntine@einrot.com,Everporly1966,301-823-8715,214-37-0365
Taylah,"2431 West Fork Drive",TaylahPankhurst@superrito.com,Therstre68,954-431-3482,265-44-3856
Alex,"1301 Eagle Street",AlexMcKenna@einrot.com,Shads1974,618-414-8961,359-28-3789
James,"4344 Whaley Lane",JamesUtz@rhyta.com,Fouslond,262-476-1472,390-68-6639
John,"1905 Southside Lane",JohnLegge@armyspy.com,Mithat,323-742-5798,619-11-3503
Scarlett,"498 Ford Street",ScarlettCreer@dayrep.com,Syle1946,408-447-9912,611-12-9260
Georgia,"4021 Melville Street",GeorgiaGribble@jourrapide.com,Theirch,731-509-0119,762-01-6042
Tahlia,"635 Sunrise Road",TahliaSunners@fleckens.hu,Plaun1977,702-874-1413,530-22-7400
Makayla,"30 Pine Garden Lane",MakaylaBeirne@einrot.com,Farriet,770-725-7571,674-03-0048
Kiara,"4943 Bastin Drive",KiaraDenny@superrito.com,Trilotherci38,484-679-8509,171-10-6092
Imogen,"4072 Asylum Avenue",ImogenHelbig@dayrep.com,Theresympare,203-679-7354,043-14-1467
Zane,"4555 Lang Avenue",ZanePartridge@fleckens.hu,Lamothe,435-871-2179,646-86-0807
Olivia,"36 Sunny Glen Lane",OliviaFrater@rhyta.com,Thip1960,216-780-8547,289-52-4056
Tyler,"640 Redbud Drive",TylerTonga@jourrapide.com,Otibitepar,347-885-6937,133-92-4878
Mikayla,"1981 Cerullo Road",MikaylaPiquet@superrito.com,Beremost,502-447-0501,406-63-3015
Alyssa,"312 Bagwell Avenue",AlyssaHugo@jourrapide.com,Hournmentent,352-754-7673,264-89-2352
Lily,"2519 Browning Lane",LilyTufnell@cuvox.de,Wonsize,608-202-8938,389-98-0936
Hugo,"1879 Nelm Street",HugoNyhan@dayrep.com,Fonly1988,571-332-9101,692-01-4590
Poppy,"119 Brannon Street",PoppyGoodlet@fleckens.hu,Foolity,213-249-5818,616-19-9765
Mackenzie,"1391 Lost Creek Road",MackenzieDale@gustr.com,Lethent1968,612-208-8877,471-34-7118
William,"887 Meadow View Drive",WilliamBlackburn@jourrapide.com,Andever,860-549-4289,045-96-5805
Indiana,"4885 Eva Pearl Street",IndianaBlanch@rhyta.com,Afor1975,225-650-1765,435-62-1797
Victoria,"3056 Poplar Chase Lane",VictoriaSpringthorpe@jourrapide.com,Habing,208-384-4055,518-80-1284
Lachlan,"3577 Lynch Street",LachlanCosgrove@einrot.com,Quiented1995,925-236-6487,619-43-7125
Lilian,"327 Winifred Way",LilianCoyne@gustr.com,Coraven,765-728-6887,315-46-6710
Christian,"4974 Airplane Avenue",ChristianChomley@gustr.com,Shered,860-846-9388,042-18-7989
Lucas,"741 Franklee Lane",LucasTenison-Woods@fleckens.hu,Wilgre,484-638-3315,201-05-5043
Harry,"4690 Aaron Smith Drive",HarryOKeefe@gustr.com,Hishattly,717-697-3203,206-48-5642
Maya,"2704 Monroe Street",MayaManessis@fleckens.hu,Therelies,713-365-7175,629-52-8287
Ashley,"2442 Modoc Alley",AshleyMiller@teleworm.us,Ficirdly,208-893-7483,519-41-5088
Sienna,"1076 Wilson Street",SiennaArmstrong@armyspy.com,Shave1966,760-912-6529,602-34-4284
Sebastian,"3422 Irish Lane",SebastianFitzsimons@armyspy.com,Whicagoers,608-783-3195,397-70-1160
Amelie,"2047 Boone Street",AmelieCawood@rhyta.com,Sumblefew,361-246-5042,645-48-3846
Abbey,"2913 Jefferson Street",AbbeyLong@armyspy.com,Mamed1941,757-709-8335,699-01-7868
Lucy,"316 Pritchard Court",LucyKinnear@gustr.com,Thadjaink,507-370-2511,474-01-6753
Brayden,"1697 Dovetail Estates",BraydenTerry@einrot.com,Gois1973,580-847-7416,443-44-1709
Alannah,"4085 Still Street",AlannahMeany@cuvox.de,Plinglors1972,419-655-9245,283-76-1761
Lucas,"1918 Haul Road",LucasNeild@einrot.com,Debect,651-258-3731,470-09-7450
Victoria,"2048 Jarvis Street",VictoriaRounsevell@jourrapide.com,Yousbabtle,716-874-2617,131-38-7821
Cameron,"1487 Harper Street",CameronBacon@teleworm.us,Lusake,270-534-1085,400-59-4837
Erin,"4243 Coventry Court",ErinKirk@dayrep.com,Facquirling,225-933-4468,665-05-3397
Piper,"3832 Pearl Street",PiperGabriel@jourrapide.com,Soffew,916-374-6879,621-62-4647
Sean,"3966 Bottom Lane",SeanCumpston@jourrapide.com,Tharme,716-696-2922,060-32-7310
James,"2295 Blane Street",JamesCarne@rhyta.com,Seturs1990,314-548-7894,496-18-1869
Lola,"2902 Brown Bear Drive",LolaParrott@fleckens.hu,Camoul,951-707-4545,552-48-5742
Luke,"3090 Stonepot Road",LukeAaron@gustr.com,Werefurser,908-388-6499,135-92-2946
Taylah,"4800 Boring Lane",TaylahRosenthal@fleckens.hu,Hised1936,415-718-6192,572-95-7142
Ashton,"2370 Coburn Hollow Road",AshtonHides@cuvox.de,Olud1952,309-408-2261,339-60-6766
Koby,"2057 Pearcy Avenue",KobyMacgroarty@armyspy.com,Agrecirt1962,262-200-8703,390-21-1973
Max,"1867 Keyser Ridge Road",MaxMackintosh@dayrep.com,Piess1938,336-494-9942,685-05-7651
Alexander,"1515 Harley Vincent Drive",AlexanderGiffen@dayrep.com,Bobegglach,440-751-7012,287-12-6597
Ben,"1880 Eagle Lane",BenGilruth@einrot.com,Hass1967,218-740-5277,473-74-1908
Alexander,"143 Loving Acres Road",AlexanderMcDonald@einrot.com,Whey1941,817-208-9886,466-08-8797
Amelia,"1853 Barnes Street",AmeliaGoldhar@einrot.com,Gran1970,407-298-8030,771-36-3429
Kai,"4597 Willis Avenue",KaiMacnaghten@rhyta.com,Wheyes,386-366-3018,261-62-2457
Brayden,"1805 West Virginia Avenue",BraydenBisdee@armyspy.com,Haterly,518-836-2224,107-82-3162
Finn,"2600 Stone Lane",FinnBuley@armyspy.com,Beravi,610-422-8612,185-09-9016
Sean,"4559 Woodbridge Lane",SeanFitz@gustr.com,Abselithat,313-516-8457,373-68-5778
Leah,"2647 Norman Street",LeahMacarthur-Onslow@gustr.com,Frowleall,323-313-8441,621-07-2025
Levi,"2030 Mercer Street",LeviPasley@superrito.com,Gabound,715-677-9335,391-12-5962
Jai,"2836 Whitetail Lane",JaiRaggatt@dayrep.com,Coles1939,469-328-9485,454-17-4798
Leo,"4421 Stanley Avenue",LeoFarber@armyspy.com,Veragiclumad,516-525-1892,081-90-6048
Mikayla,"1673 Colonial Drive",MikaylaShearston@rhyta.com,Cron1964,979-658-7552,633-70-5995
Hayden,"3549 Ashford Drive",HaydenDymock@rhyta.com,Gromentiout,703-712-0881,230-06-6827
Alex,"2361 Bicetown Road",AlexHugo@superrito.com,Rundis,917-384-2092,051-05-0182
Aidan,"1782 Fidler Drive",AidanSpringfield@superrito.com,Shrothem,210-706-6591,642-84-2077
Joshua,"919 Burton Avenue",JoshuaCarandini@jourrapide.com,Dant1990,901-751-8212,410-21-9788
Julian,"4262 Saints Alley",JulianMcClintock@gustr.com,Ruspinfirl,813-523-6906,590-68-6858
Madeline,"3719 Glendale Avenue",MadelineToohey@dayrep.com,Prattaking,818-644-5808,560-86-5114
Zac,"762 Midway Road",ZacBertie@gustr.com,Solle1991,479-721-3886,679-10-5115
Mason,"3496 Hall Valley Drive",MasonKyngdon@teleworm.us,Thichimphed1970,304-687-5549,236-42-0590
Kate,"338 McDowell Street",KateRadcliffe@jourrapide.com,Andeake,931-286-0645,763-01-5310
Edward,"674 Bagwell Avenue",EdwardGoldhar@gustr.com,Eyern1999,352-564-3188,766-16-0831
Connor,"4199 Hawks Nest Lane",ConnorOMalley@jourrapide.com,Samelver,314-754-3415,500-10-1909
Mary,"1364 Pinewood Drive",MaryMcNamara@gustr.com,Brisarme,847-850-9217,340-22-7336
Bella,"4797 Broadway Street",BellaLeake@fleckens.hu,Pereplou,843-833-3998,656-01-0095
Thomas,"2447 Bastin Drive",ThomasKumm@cuvox.de,Berldn,484-726-1605,166-60-5460
Alana,"4309 Half and Half Drive",AlanaHawken@rhyta.com,Bowely,559-821-9364,558-07-4852
Lauren,"745 Rocket Drive",LaurenLempriere@fleckens.hu,Thear1983,612-827-9055,477-21-4781
Ruby,"3795 Virginia Street",RubyBramston@armyspy.com,Efrely,773-542-7660,318-22-5330
Beau,"3539 Radford Street",BeauBussell@fleckens.hu,Joinambor,502-263-9383,405-53-7114
Owen,"4107 Maryland Avenue",OwenTorpy@einrot.com,Plefulther,727-566-0530,592-24-0491
Amelie,"3293 Layman Avenue",AmelieSambell@einrot.com,Wifeephery,912-232-0643,672-01-7435
Caleb,"3644 Alexander Drive",CalebLeonski@superrito.com,Smad1976,940-498-9357,460-08-4383
Connor,"1413 Barnes Avenue",ConnorJames@armyspy.com,Saing1990,513-623-7144,296-11-9495
Connor,"1690 Hershell Hollow Road",ConnorTindale@einrot.com,Drigh1981,423-946-4760,409-46-5869
Phoebe,"3700 Woodstock Drive",PhoebeZadow@fleckens.hu,Haden1973,626-466-5452,608-05-1751
Nate,"133 Meadowbrook Mall Road",NateRamsden@fleckens.hu,Swel1951,310-875-3740,620-42-5354
Eden,"181 Highland View Drive",EdenGoe@teleworm.us,Ginge1955,916-555-0532,604-80-3543
Henry,"1950 Virgil Street",HenryGillen@fleckens.hu,Stioneve,848-469-5041,151-44-3600
Jack,"3491 Lynn Ogden Lane",JackVanDeVelde@jourrapide.com,Malloo,409-743-9215,455-94-9450
Brooke,"1865 Ventura Drive",BrookeHansen@gustr.com,Chimeste,831-316-9755,562-52-7956
Jackson,"1592 Sycamore Street",JacksonPlunkett@armyspy.com,Loorthow1953,408-938-8516,617-14-9534
Gabriel,"4891 Brown Street",GabrielTudawali@teleworm.us,Affen1976,925-946-7223,561-87-6864
Charles,"3302 Briarwood Drive",CharlesPersse@gustr.com,Fittiong,856-534-0977,153-01-3305
Owen,"966 Ralph Drive",OwenDriscoll@jourrapide.com,Maideared1973,440-220-9728,291-54-0672
Joel,"4125 Ruckman Road",JoelPriestley@superrito.com,Thewene1947,405-779-0668,441-05-1796
Brayden,"75 Biddie Lane",BraydenGoold-Adams@armyspy.com,Loulace,804-564-0988,693-03-3786
Hugo,"4810 Locust View Drive",HugoLeidig@einrot.com,Wasto1936,415-878-5148,567-04-9249
Gabriel,"1026 Adams Avenue",GabrielTipper@einrot.com,Eartherry,301-624-9308,213-96-6172
Elijah,"3009 McDonald Avenue",ElijahBabbage@superrito.com,Ocke1958,407-940-1495,768-16-1992
Hunter,"3342 Watson Lane",HunterNoack@armyspy.com,Poing1968,830-204-7675,457-46-6917
Lincoln,"251 North Street",LincolnPilpel@einrot.com,Hosly1992,435-214-0917,529-98-3230
Elizabeth,"1678 Heliport Loop",ElizabethTalbot@gustr.com,Wismaspings,812-685-7143,303-14-1193
Kayla,"1292 Aviation Way",KaylaSpooner@cuvox.de,Earry1984,213-823-9315,554-82-2555
Jamie,"1863 Airplane Avenue",JamieMassy-Greene@fleckens.hu,Suchat74,860-873-9183,044-38-6349
Tyson,"2286 Bel Meadow Drive",TysonSpence@fleckens.hu,Pophe1935,909-440-3780,549-45-3049
Emily,"1682 Drainer Avenue",EmilyClowes@rhyta.com,Donammis,850-633-2456,265-96-2532
William,"2905 Steve Hunt Road",WilliamSolomon@superrito.com,Tivere,305-756-9705,264-10-0495
Jesse,"455 Pheasant Ridge Road",JesseMcKenzie@armyspy.com,Johne1976,215-526-2623,207-01-9543
Kaitlyn,"2566 Clay Lick Road",KaitlynNeales@jourrapide.com,Haturn,720-857-7184,650-16-4809
Timothy,"4533 Florence Street",TimothyAdam@rhyta.com,Hationizing1939,903-525-6998,456-22-2943
Koby,"2790 Concord Street",KobyWhitham@dayrep.com,Losely,704-490-7087,237-01-5341
Caitlyn,"499 Worthington Drive",CaitlynBeveridge@rhyta.com,Thations,972-576-0455,450-51-4237
Isla,"684 Ryder Avenue",IslaMewton-Wood@einrot.com,Deciament89,425-277-1858,536-18-6387
Chelsea,"555 Caynor Circle",ChelseaLemmone@rhyta.com,Thattles96,908-493-5692,139-24-1956
Austin,"1092 Stiles Street",AustinMutch@gustr.com,Ofore1977,412-527-8799,182-14-7493
Laura,"2706 Leverton Cove Road",LauraTildesley@rhyta.com,Justring,413-375-3823,021-40-1095
Alannah,"1022 Fire Access Road",AlannahKrischock@gustr.com,Woughat,336-981-6065,243-62-1113
Charlotte,"3067 Charla Lane",CharlotteMoowattin@cuvox.de,Histicely,972-668-0655,460-76-1220
Adam,"2371 Bassell Avenue",AdamCope@einrot.com,Againt,501-669-2856,678-01-9378
Maya,"993 Scott Street",MayaLaffer@armyspy.com,Wattelf,845-480-2452,119-09-6106
Hayden,"1771 Smith Road",HaydenKirtley@einrot.com,Feek1948,770-944-1188,667-09-0435
Stephanie,"1511 Hudson Street",StephanieMander-Jones@rhyta.com,Notal1955,973-899-6347,138-28-5730
Alana,"3369 Coleman Avenue",AlanaMackintosh@gustr.com,Shicke,760-766-3267,626-58-3946
Eliza,"4944 Hiney Road",ElizaGibbons@einrot.com,Getch1950,702-228-3457,680-74-0409
Noah,"500 Laurel Lee",NoahLoane@cuvox.de,Encity,651-767-5066,470-92-9903
Mia,"4870 North Avenue",MiaMartinovich@rhyta.com,Aboul1947,402-849-6980,505-62-8976
Rebecca,"1557 Honeysuckle Lane",RebeccaPeake@armyspy.com,Unstentymp,360-562-9803,539-07-2792
Hamish,"3144 Diamond Street",HamishHenry@rhyta.com,Hergar33,828-563-4468,689-07-5110
Logan,"966 Beeghley Street",LoganBoreham@superrito.com,Doccoakere,254-789-8293,628-58-7093
Marcus,"1880 Worthington Drive",MarcusJoris@cuvox.de,Elows1941,972-642-0260,461-03-0750
Lachlan,"3130 Green Gate Lane",LachlanMagnus@fleckens.hu,Faid1943,443-760-5231,220-10-1714
Logan,"1480 Lynch Street",LoganCustance@superrito.com,Thattems1991,920-979-9268,399-74-5980
Henry,"253 Oakwood Avenue",HenryCazaly@fleckens.hu,Trablinever,212-659-9241,050-52-9613
Paige,"988 Benedum Drive",PaigeAlcock@armyspy.com,Arde1966,845-268-0686,086-74-1902
Justin,"1241 Honeysuckle Lane",JustinHargraves@armyspy.com,Giceit,360-579-8892,536-74-4369
Timothy,"1770 Ward Road",TimothySawers@armyspy.com,Proseet1961,915-449-1185,642-80-3954
Hamish,"521 Deans Lane",HamishGerard@rhyta.com,Thespery,914-866-7188,094-10-4429
Phoebe,"188 Seneca Drive",PhoebeSodersten@einrot.com,Afess1972,503-972-6324,544-82-7470
Hudson,"4520 Fulton Street",HudsonRoemer@armyspy.com,Croccis,304-414-5123,235-62-4417
Benjamin,"3559 Lynn Street",BenjaminMarden@jourrapide.com,Sevensis,617-218-8698,031-62-2963
Toby,"695 Poe Road",TobyWorrall@jourrapide.com,Shapied1967,843-202-9775,249-75-9654
Imogen,"57 Gambler Lane",ImogenWinder@gustr.com,Worign,281-916-2989,627-56-5942
Leo,"4087 Heritage Road",LeoFinnerty@jourrapide.com,Fork1976,559-743-8817,557-94-0526
Charlotte,"3935 North Street",CharlottePendred@einrot.com,Spointionce,434-941-8997,699-03-6489
Anna,"3808 Juniper Drive",AnnaOFlynn@jourrapide.com,Waragod,989-816-3570,383-28-9188
Grace,"1112 Pick Street",GraceTewksbury@dayrep.com,Bountly,970-701-1397,524-24-1363
Callum,"859 Goldcliff Circle",CallumWormald@teleworm.us,Possell,202-631-3096,577-14-6358
Claire,"1208 Ridge Road",ClaireLovekin@teleworm.us,Beadis1981,620-829-3686,515-54-0927
Brayden,"1953 Mulberry Street",BraydenAgaundo@jourrapide.com,Shoveroacto,936-632-0243,463-91-4705
Joel,"1995 Linden Avenue",JoelEarp@gustr.com,Vaunparly,407-629-5388,767-07-2496
Annabelle,"2743 Hidden Pond Road",AnnabelleNewcomb@armyspy.com,Wayinander1965,615-743-3464,757-01-0738
Mackenzie,"983 Kuhl Avenue",MackenzieCulpin@teleworm.us,Penit1995,678-643-2068,256-32-1851
Ellie,"2041 Chicago Avenue",EllieFarleigh@superrito.com,Godiever,559-587-7346,551-81-7817
Noah,"2223 Harry Place",NoahFloyd@jourrapide.com,Maysion,704-772-2394,681-07-7419
Levi,"3764 Kembery Drive",LeviHarriet@dayrep.com,Inknot,630-627-1107,319-01-8018
Jorja,"1706 Evergreen Lane",JorjaMyer@teleworm.us,Compt1947,323-637-6892,609-36-9105
Madeline,"149 Marshville Road",MadelineCutlack@armyspy.com,Foubjecand,845-593-3910,118-64-8059
Michael,"1986 Baker Avenue",MichaelMario@teleworm.us,Paphatterst1961,817-900-7298,455-21-1126
Ethan,"2722 Trails End Road",EthanKern@armyspy.com,Enalland,954-315-0016,261-10-2697
Tahlia,"452 Hilltop Street",TahliaViney@fleckens.hu,Behinscathe1934,413-684-9223,031-70-2511
Charlie,"30 Pine Street",CharlieMcKenzie@dayrep.com,Wiliturkered,724-265-8473,200-74-9911
Ali,"3639 Chicago Avenue",AliDugan@superrito.com,Hatien,559-661-8711,608-68-4415
Luke,"4885 Scenic Way",LukeOConor@einrot.com,Witur1968,217-661-5848,325-05-2134
Angelina,"50 Ford Street",AngelinaArundale@armyspy.com,Thately,408-456-3310,556-32-6283
Savannah,"1847 Hemlock Lane",SavannahArmit@superrito.com,Thavelf,956-445-7314,636-78-1646
Jasmine,"874 Hardman Road",JasmineGannon@rhyta.com,Priess,802-816-8185,009-32-1173
Mason,"1569 Morgan Street",MasonRennie@dayrep.com,Toor1968,850-424-7851,263-84-2641
Jonathan,"1269 Dancing Dove Lane",JonathanHearn@jourrapide.com,Adint1999,347-532-8134,128-24-6743
Christopher,"3409 Huntz Lane",ChristopherYarnold@armyspy.com,Alling,978-629-9941,026-48-8991
Stephanie,"615 Hillcrest Lane",StephanieJervois@fleckens.hu,Brind1979,951-257-9277,602-14-5981
Seth,"666 Cottrill Lane",SethEnright@cuvox.de,Prour1996,314-485-3926,490-05-3087
Oliver,"815 Duck Creek Road",OliverScantlebury@jourrapide.com,Thences,650-892-7680,566-65-9506
Tahlia,"2083 Logan Lane",TahliaNiven@rhyta.com,Addeat,303-265-1730,524-75-5399
Isabel,"109 Rubaiyat Road",IsabelRanken@cuvox.de,Pand1980,231-739-4986,374-16-8885
Zane,"2976 Chapel Street",ZaneDeen@rhyta.com,Daven1966,281-718-1695,467-95-3470
Jordan,"4811 Bridge Street",JordanMacartney@rhyta.com,Sisturionse,918-917-4321,443-15-4836
Isabella,"4399 Willow Oaks Lane",IsabellaHarris@dayrep.com,Rawas1956,337-353-2713,662-12-3779
Jackson,"376 Tecumsah Lane",JacksonCox@jourrapide.com,Sesposs,318-847-5791,663-09-6504
Abbey,"3396 Bingamon Road",AbbeyGresham@superrito.com,Thiseatchat,440-543-6905,296-98-2372
Flynn,"3072 Oakridge Farm Lane",FlynnFielder@rhyta.com,Boupeshorter,262-339-8998,392-09-2487
Charli,"1540 Ash Street",CharliBalcombe@fleckens.hu,Thistropring56,972-781-1687,631-76-1397
Isaac,"238 Junior Avenue",IsaacDrew@fleckens.hu,Sibrody,404-601-2056,667-07-5459
Madeline,"1040 Dennison Street",MadelineCowen@armyspy.com,Colad1992,209-469-6385,547-08-2361
Jordan,"4833 Masonic Drive",JordanLampungmeiua@fleckens.hu,Gired1974,406-654-6926,516-44-4901
Archie,"4946 Anmoore Road",ArchieMummery@teleworm.us,Buddard70,718-740-3694,105-24-7309
Annabelle,"2599 Romines Mill Road",AnnabelleRylah@einrot.com,Manselits,214-599-7604,455-36-0153
Elizabeth,"3435 Duncan Avenue",ElizabethKoerstz@dayrep.com,Exple1972,917-621-4018,107-50-1729
Timothy,"4595 River Road",TimothyKeynes@fleckens.hu,Iltor1981,719-473-0438,653-30-1493
Jaxon,"3769 Warner Street",JaxonHayes@cuvox.de,Fornight,307-223-4968,520-82-2736
Sean,"4483 Webster Street",SeanNutt@gustr.com,Thops1951,732-537-9437,148-26-5178
Jamie,"521 Bluff Street",JamieChristie@dayrep.com,Bumantall1987,301-782-8647,214-50-6437
Eliza,"4660 Thompson Street",ElizaBaskerville@gustr.com,Exis1940,562-547-9663,620-94-4297
Will,"360 Science Center Drive",WillSellar@teleworm.us,Thempanince,208-554-8768,518-71-1589
Jonathan,"223 Fort Street",JonathanDarrell@jourrapide.com,Liciriand78,252-935-0423,237-12-0126
Taylah,"305 Church Street",TaylahLazarus@teleworm.us,Thoody,718-406-6701,067-07-5323
Lachlan,"493 Irish Lane",LachlanGilles@superrito.com,Cestruch,608-783-9221,397-66-6252
Cameron,"4863 Station Street",CameronVirtue@teleworm.us,Brappire,510-888-5974,620-26-7036
Will,"2434 Woodridge Lane",WillArmfield@teleworm.us,Horce1948,901-321-7971,410-07-7024
Kayla,"3379 Barnes Avenue",KaylaTiegs@einrot.com,Inneve,513-701-6671,286-94-0189
Isabella,"964 Peck Court",IsabellaSharwood@teleworm.us,Afee1957,949-474-4446,615-30-9254
Luke,"2744 South Street",LukeLilley@dayrep.com,Hary1966,434-242-5202,693-01-4813
Jake,"3669 Harper Street",JakeHatfield@fleckens.hu,Alkees,270-538-1346,406-45-8379
Brodie,"2736 Sherman Street",BrodieHain@jourrapide.com,Marjohishe1976,785-857-1493,512-34-9844
Riley,"1469 Stanton Hollow Road",RileyCerutty@fleckens.hu,Arde1952,781-457-8521,032-20-9927
Kate,"710 Farland Avenue",KateRodway@jourrapide.com,Gark1936,830-549-6676,635-20-4807
Isabel,"2003 Aspen Court",IsabelKleeberg@rhyta.com,Lailme,617-432-1261,026-10-9857
Anthony,"3709 Sunny Day Drive",AnthonyPottinger@superrito.com,Olumen,714-845-2360,609-72-3439
Sean,"4416 Valley Lane",SeanWatling@cuvox.de,Swassed,512-707-8749,460-41-1942
Jonathan,"4568 College Avenue",JonathanSwallow@einrot.com,Seliffe,937-440-9426,286-12-9058
Gabrielle,"2017 Moonlight Drive",GabrielleFornachon@gustr.com,Suffs1981,609-594-6562,151-54-2808
Stephanie,"447 Sigley Road",StephanieBoehm@dayrep.com,Joho1999,785-548-7736,515-88-6963
Imogen,"2322 Augusta Park",ImogenNichols@fleckens.hu,Seend1948,304-808-4439,236-10-2636
Keira,"766 Scheuvront Drive",KeiraConolly@teleworm.us,Roold1954,303-463-1782,522-38-3063
Nate,"3283 Everette Alley",NateTeakle@rhyta.com,Beack1998,954-761-2983,770-07-3739
Eva,"1103 Spring Street",EvaUlrich@rhyta.com,Bachim1964,217-818-9009,345-03-9867
Alexander,"1133 Goldcliff Circle",AlexanderFergusson@einrot.com,Speoccou,202-549-8120,578-60-6045
Brooke,"848 Stadium Drive",BrookeLuker@jourrapide.com,Sulow1945,508-319-0701,014-48-3087
Sebastian,"2905 Abner Road",SebastianMoresby@armyspy.com,Stookins,715-398-7631,397-20-0260
Keira,"2423 Elliott Street",KeiraWhitington@superrito.com,Liis1971,603-543-4407,001-28-4968
Kayla,"3239 Sunny Day Drive",KaylaBushby@einrot.com,Andust,714-874-2161,563-05-3195
James,"1664 Rafe Lane",JamesMcCloughry@superrito.com,Pubset,662-690-7520,427-76-7255
Madeline,"3239 Wood Duck Drive",MadelineAhMouy@gustr.com,Afflumad,906-327-5712,383-13-7802
Maya,"317 Maxwell Farm Road",MayaPearse@armyspy.com,Districe87,540-261-2074,230-18-3964
Madison,"3697 Worley Avenue",MadisonMacLaurin@einrot.com,Jick1950,434-534-9285,697-01-4474
Madeleine,"4905 Oak Way",MadeleineSchlink@rhyta.com,Nowny1974,402-504-1234,508-17-4520
Rose,"3102 Burke Street",RoseTreloar@cuvox.de,Abot1947,781-330-8634,019-14-2827
Riley,"1293 Valley Street",RileyAmiet@einrot.com,Arture,856-813-7198,139-70-3740
Lincoln,"3177 Broaddus Avenue",LincolnDeen@fleckens.hu,Compereed,270-215-4235,402-60-3029
Zac,"914 Rafe Lane",ZacStreet@armyspy.com,Amited55,662-689-6502,427-99-2856
Leah,"3034 Little Acres Lane",LeahMcCabe@rhyta.com,Wouser,217-922-9507,318-36-4416
Ben,"4022 Roguski Road",BenSly@jourrapide.com,Taide1936,318-302-0981,439-07-2594
Aiden,"2156 Park Boulevard",AidenKellett@cuvox.de,Thelarm,641-527-4908,484-74-9773
Charles,"3872 Trails End Road",CharlesHayter@gustr.com,Himmathrely,954-348-8877,592-66-9697
Charles,"4707 Parrill Court",CharlesNona@teleworm.us,Agets1990,219-399-0589,314-40-8047
Declan,"277 Williams Lane",DeclanFitchett@superrito.com,Camed1958,316-461-3092,513-72-3837
Matthew,"1189 Mutton Town Road",MatthewDeSalis@rhyta.com,Lietund,360-703-0111,531-10-3012
Lachlan,"4037 Jadewood Drive",LachlanHughes@gustr.com,Shrod1978,224-430-0635,336-34-8712
Sofia,"259 Big Elm",SofiaOrchard@cuvox.de,Corant,816-827-5600,494-52-2385
Edward,"1232 Werninger Street",EdwardSchramm@teleworm.us,Dersecting,832-623-2622,634-62-1271
Sam,"4791 Sigley Road",SamRaggatt@fleckens.hu,Thisheack,785-560-5507,514-98-2360
Noah,"2230 Biddie Lane",NoahGoldsmith@teleworm.us,Gratchim,804-565-8645,693-01-8615
Tyson,"2341 Froe Street",TysonAbigail@armyspy.com,Thournes,304-318-2775,234-48-2956
Brianna,"4726 Pickens Way",BriannaCaird@armyspy.com,Vaide1947,903-299-0371,642-42-9013
Hunter,"3808 Hidden Valley Road",HunterGroves@teleworm.us,Onviziest,717-270-2532,163-58-9362
Isla,"3159 Norman Street",IslaKing@cuvox.de,Forrawford,323-326-2135,619-29-7058
Logan,"1749 Indiana Avenue",LoganSholl@dayrep.com,Sproblod1963,808-574-7157,576-07-0758
Zara,"4918 Freshour Circle",ZaraLesina@gustr.com,Stanothom38,210-215-9485,641-12-1523
Lilian,"179 Terra Cotta Street",LilianWisdom@armyspy.com,Beents,218-630-8509,477-33-5351
Charlie,"2813 Renwick Drive",CharliePennefather@dayrep.com,Fourpried,484-249-7096,190-82-0675
Sean,"1353 Hickman Street",SeanPohlman@rhyta.com,Doemput,630-419-0904,318-38-2586
Seth,"4347 Geneva Street",SethChapple@jourrapide.com,Therefecance,917-463-3916,058-48-2670
Harrison,"87 Quincy Street",HarrisonFryar@fleckens.hu,Anyby1938,267-467-9353,205-40-8375
Amy,"3707 Poplar Chase Lane",AmySlater@einrot.com,Plairt,208-355-2731,519-54-0365
Lilian,"2787 Union Street",LilianBateson@superrito.com,Therfuriour81,206-755-4532,534-55-0738
Bianca,"1968 Arlington Avenue",BiancaAllan@cuvox.de,Fifended,865-982-9529,761-01-3601
Jackson,"1646 Pine Tree Lane",JacksonDavis@einrot.com,Incrultogy,240-441-5161,216-50-6429
Savannah,"3424 Freedom Lane",SavannahTickell@jourrapide.com,Sittort,209-434-8887,602-15-8413
Poppy,"497 Norman Street",PoppyMorisset@rhyta.com,Fene1954,323-284-2342,557-18-4578
Sienna,"204 Chardonnay Drive",SiennaWebster@teleworm.us,Beinerculd1965,360-224-3154,532-41-2949
Madeline,"2577 Fairfax Drive",MadelineCaffyn@superrito.com,Diand1946,908-895-9660,140-22-1305
Samantha,"1498 Beeghley Street",SamanthaAllan@armyspy.com,Forrawford,254-768-8056,451-48-3038
Angelina,"905 Ingram Road",AngelinaBroger@cuvox.de,Reearly,336-677-2382,241-48-7717
Nicholas,"1641 Ottis Street",NicholasBlakey@cuvox.de,Bitterephe,405-333-2782,445-44-0238
Amber,"1509 Paul Wayne Haggerty Road",AmberCassidy@teleworm.us,Morlithe,504-470-6431,664-07-9291
Charlotte,"1394 Catherine Drive",CharlotteBuvelot@superrito.com,Chimand,701-275-5853,502-92-4120
Joel,"4071 Lyndon Street",JoelCass@cuvox.de,Cates1958,610-697-1186,168-56-7188
Mariam,"4662 Terra Street",MariamBroome@einrot.com,Livalwas,360-371-5652,534-08-1524
Alicia,"4353 Quilly Lane",AliciaTolmie@cuvox.de,Losen1941,614-520-8061,273-94-1040
Timothy,"1123 Simpson Street",TimothyDeBeuzeville@fleckens.hu,Plece1941,309-842-8468,338-42-7760
Jade,"743 Horizon Circle",JadeMagoffin@jourrapide.com,Ablemplaid,253-529-9351,531-40-7124
Jasmine,"4658 Freed Drive",JasmineAdey@teleworm.us,Grood1964,209-671-8296,607-68-2244
Hunter,"4693 Lincoln Drive",HunterNuyts@jourrapide.com,Xxxxxis1978,717-602-8537,209-07-5506
Matilda,"713 C Street",MatildaFelton@teleworm.us,Opinight,508-330-9567,030-82-7386
Grace,"3016 Margaret Street",GraceLowe@gustr.com,Toldneire68,713-890-4850,633-86-9911
Patrick,"1727 Adonais Way",PatrickHindwood@teleworm.us,Mervat,678-448-6444,257-31-7518
Victoria,"3064 Woodland Terrace",VictoriaHousley@cuvox.de,Whicas,916-941-5088,566-16-6358
Scarlett,"306 Maple Lane",ScarlettMollison@cuvox.de,Pard1965,256-485-5177,424-08-4235
Lincoln,"1041 Spruce Drive",LincolnMatthaei@einrot.com,Hearating,724-893-4239,187-30-9673
Keira,"1020 Rubaiyat Road",KeiraSelleck@dayrep.com,Pantsks,231-652-2510,375-09-4105
Lily,"2540 Meadow Drive",LilyRumpf@armyspy.com,Thaven,406-207-4676,516-76-9755
Natalie,"1456 Wakefield Street",NatalieBracewell@jourrapide.com,Theareather,215-448-0143,174-42-7841
Mary,"3613 Barfield Lane",MaryKenyon@jourrapide.com,Coubithe,317-579-3932,309-07-6571
Sam,"2536 Woodridge Lane",SamQuong@rhyta.com,Thavat,901-312-7267,763-01-8721
Austin,"113 Lincoln Drive",AustinAckermann@gustr.com,Achough,717-582-5768,200-07-8101
Natalie,"4552 Hayhurst Lane",NatalieLatimer@cuvox.de,Himetch,248-797-9077,367-11-7737
Riley,"4031 Green Gate Lane",RileyCrisp@jourrapide.com,Plitte,443-703-2817,220-45-0631
Seth,"4225 Hardman Road",SethGuilfoyle@superrito.com,Knespied,802-774-7067,008-14-8604
Kiara,"277 George Avenue",KiaraEmbley@rhyta.com,Junted,251-368-4042,422-54-4101
Eliza,"2492 Birch  Street",ElizaBurwell@rhyta.com,Theartumety,915-595-6806,630-56-7809
Gabrielle,"3082 Gateway Avenue",GabrielleCallaghan@armyspy.com,Pongs1933,661-778-2493,610-03-9733
Sarah,"1490 Lake Forest Drive",SarahMadsen@einrot.com,Shemir1969,913-962-1330,509-05-2479
Jeremy,"2821 Gandy Street",JeremyCarson-Cooling@gustr.com,Siturettem,314-962-4907,497-48-7683
Anna,"2323 Wilson Street",AnnaSwadling@dayrep.com,Essm1946,760-901-3589,567-95-0220
Liam,"4903 Hardesty Street",LiamBaynton@jourrapide.com,Babrivin,518-397-8594,090-48-3252
Levi,"4835 Mandan Road",LeviCurtin@cuvox.de,Nothiz,573-838-5339,497-26-2484
Alyssa,"4870 Douglas Dairy Road",AlyssaCoane@gustr.com,Stily1947,276-647-9499,694-03-5353
Victoria,"3229 Elk Street",VictoriaCecil@fleckens.hu,Inet1995,949-654-9760,571-53-5828
Eve,"4979 East Avenue",EveMullins@rhyta.com,Hordich49,480-235-4414,526-76-0614
Jake,"4643 Beeghley Street",JakeMacleod@armyspy.com,Oftepts,254-945-4941,635-34-6643
Jayden,"957 Simpson Avenue",JaydenHomburg@rhyta.com,Pacconte,717-866-8955,198-66-4394
Keira,"194 Glendale Avenue",KeiraGalea@einrot.com,Incery,818-637-2844,617-28-7341
Lincoln,"491 Comfort Court",LincolnCade@jourrapide.com,Whem1935,608-265-0702,396-64-0209
Riley,"972 Farm Meadow Drive",RileyWollaston@cuvox.de,Conflims,931-217-1886,763-01-9114
Brooke,"1203 Todds Lane",BrookeGilray@cuvox.de,Histiamseent,210-489-6403,637-68-1055
Natasha,"1665 Washington Street",NatashaNewell@einrot.com,CoÃ¶ped,361-397-7753,465-43-6520
Brodie,"3642 Johnstown Road",BrodieOrmond@teleworm.us,Twed1933,847-463-1591,330-84-8744
Ryder,"2601 Khale Street",RyderBalsillie@jourrapide.com,Shre1960,843-664-7226,654-09-6509
Gabrielle,"2257 Heavner Avenue",GabrielleShenton@einrot.com,Lartax,770-794-1193,254-29-5753
Mitchell,"1610 Hinkle Deegan Lake Road",MitchellStanfield@einrot.com,Rince1999,607-254-0836,092-56-8930
Levi,"24 Arthur Avenue",LeviSwanston@jourrapide.com,Hurets1960,815-777-0460,340-60-8144
William,"2893 Sarah Drive",WilliamBates@superrito.com,Whicen,337-441-0752,437-55-7438
Timothy,"2390 Little Street",TimothyBlacket@superrito.com,Piess1944,330-653-1479,298-03-9737
Zara,"668 Burnside Avenue",ZaraLawton@gustr.com,Counto45,435-705-3130,646-46-1601
Owen,"1513 Cedar Street",OwenDeHamel@cuvox.de,Antly1969,870-865-8985,676-01-5266
Sean,"634 Allison Avenue",SeanAplin@einrot.com,Ched1942,757-534-1888,695-03-9807
Justin,"129 Sycamore Street",JustinCorey@rhyta.com,Sever1990,408-888-4998,614-48-8429
Alexandra,"3618 Cinnamon Lane",AlexandraLeighton@gustr.com,Reords56,210-882-9686,460-63-5133
Ashton,"1110 Bird Spring Lane",AshtonBeak@teleworm.us,Donguarm,281-551-9799,467-52-9451
Flynn,"1919 Kelley Road",FlynnHowchin@cuvox.de,Poneely,228-467-2300,428-71-3930
Claudia,"2992 May Street",ClaudiaRyland@cuvox.de,Whie1974,606-278-8732,401-06-7694
Tyson,"1401 McDonald Avenue",TysonHardman@einrot.com,Olow1953,407-891-2459,265-97-1881
Tyler,"107 Romines Mill Road",TylerHassall@jourrapide.com,Broughtned,214-564-1937,645-54-9061
Lola,"3378 Windy Ridge Road",LolaBice@einrot.com,Offiesill1963,260-492-7904,304-68-6820
Connor,"3228 Hartland Avenue",ConnorJulian@dayrep.com,Appid1956,920-351-0818,399-46-5187
Angelina,"2955 Arlington Avenue",AngelinaKeys@fleckens.hu,Dephateras,870-243-4108,431-97-9102
Ryder,"1716 Hart Ridge Road",RyderPilpel@dayrep.com,Carold,989-255-2485,363-48-9879
Anna,"2731 Delaware Avenue",AnnaPottie@dayrep.com,Brall1987,415-345-0201,608-25-9235
Hunter,"2182 Archwood Avenue",HunterBaker@jourrapide.com,Neaudde86,307-735-0199,520-02-3064
Caitlyn,"3850 Junior Avenue",CaitlynElias@superrito.com,Dount1991,404-586-6359,670-07-5906
Mason,"3786 Cheshire Road",MasonMacquarie@dayrep.com,Romfor1993,203-359-4436,043-06-9082
Jack,"953 Coal Road",JackMaiden@fleckens.hu,Nellur,570-636-2763,165-36-2483
William,"2746 Melm Street",WilliamBreillat@superrito.com,Thavies1947,401-277-4791,037-66-6276
Hayley,"3237 Oakmound Road",HayleyOldaker@einrot.com,Proppeoven,773-265-9154,355-05-3616
Taj,"2886 Orchard Street",TajBecke@cuvox.de,Bron1945,952-855-2126,473-23-8245
Gabriella,"4910 Francis Mine",GabriellaGilbert@armyspy.com,Youb1982,530-284-7191,609-52-9996
Sarah,"4839 Skips Lane",SarahDownes@superrito.com,Lactur,928-445-0307,765-40-5417
Layla,"641 Glenwood Avenue",LaylaWoods@dayrep.com,Swely1989,216-385-9154,277-02-2621
Darcy,"404 Brownton Road",DarcyScratchley@gustr.com,Tins1963,662-345-6589,426-36-7243
Ethan,"945 Tuna Street",EthanBowman@dayrep.com,Torcer93,810-858-5232,384-13-6673
Stella,"3475 Grove Street",StellaMusgrave@superrito.com,Inks1960,631-747-0938,108-09-8814
Eve,"70 Bedford Street",EveGranville@rhyta.com,Eveithe,203-956-7660,048-08-9036
Stephanie,"1312 Coplin Avenue",StephanieKinross@gustr.com,Whings62,602-531-3308,527-07-7231
Phoebe,"2774 Kennedy Court",PhoebePigdon@dayrep.com,Evembee50,774-330-8123,012-58-0572
Alyssa,"865 Bolman Court",AlyssaHoover@cuvox.de,Decorichiggy,217-346-9721,330-54-8580
Keira,"852 Stonepot Road",KeiraJoyner@dayrep.com,Cament,908-453-4706,144-70-0163
Jackson,"1254 Locust Court",JacksonMasson@fleckens.hu,Antwookes,562-496-2457,568-46-7506
Jasmine,"160 Henry Ford Avenue",JasmineMcGillivray@dayrep.com,Oweend1941,918-251-6894,448-64-7955
Xavier,"980 Prudence Street",XavierDeBurgh@rhyta.com,Bley1958,313-390-8355,375-58-6895
Amber,"3438 Anthony Avenue",AmberMcKinley@dayrep.com,Aleat1952,325-670-1559,454-23-5102
Madison,"2737 Conifer Drive",MadisonTreacy@cuvox.de,Comak1953,425-556-9030,531-84-6328
Keira,"1915 Brooklyn Street",KeiraChermside@einrot.com,Leting,541-242-5166,544-53-5477
Dylan,"197 Davisson Street",DylanClunie@rhyta.com,Horne1944,765-798-3187,310-28-2493
Ava,"2369 Laurel Lee",AvaAbdullah@fleckens.hu,Capprem,660-210-9190,491-05-2984
Rachel,"553 Central Avenue",RachelWieck@fleckens.hu,Whinvotat,201-374-3273,145-52-7083
Gabrielle,"4522 Park Boulevard",GabrielleFairweather@superrito.com,Hurets,641-660-2327,482-64-8439
Ryan,"1872 Luke Lane",RyanMiller@armyspy.com,Vilt1982,580-260-4763,446-62-2278
Chelsea,"3689 Chandler Hollow Road",ChelseaLemmon@einrot.com,Theastris,412-435-3225,169-52-2427
Zoe,"4229 Roane Avenue",ZoeNeitenstein@dayrep.com,Cieterprod,301-277-1455,219-60-4898
Joel,"319 Wood Duck Drive",JoelTitheradge@jourrapide.com,Gothemend,906-430-5838,362-10-6852
Chloe,"3235 Bedford Street",ChloeMaclanachan@fleckens.hu,Thlearb74,203-980-3075,045-90-3978
Lily,"4208 University Street",LilyHollis@fleckens.hu,Witalarry,206-345-1489,531-70-1928
Finn,"12 Clearview Drive",FinnFlegg@superrito.com,Feligne,303-746-9859,522-72-5699
Zara,"177 Riverside Drive",ZaraWynn@superrito.com,Godid1960,706-870-4105,673-20-5869
Sophie,"4905 Harron Drive",SophieHooper@armyspy.com,Hance1940,443-506-5047,217-27-1480
Sebastian,"1291 Mudlick Road",SebastianMcDowall@armyspy.com,Therd1972,509-537-3293,535-72-3046
Jai,"1810 Golden Street",JaiMinogue@dayrep.com,Cusese,305-658-2481,265-34-5876
Samantha,"2618 Emma Street",SamanthaWoollard@dayrep.com,Vies1939,808-232-0855,750-01-9349
Jayden,"3201 Norma Lane",JaydenFairley@einrot.com,Roppin,318-608-6312,662-12-1787
Brayden,"1152 New Street",BraydenColeman@rhyta.com,Anis1987,541-309-0906,540-61-6203
Amelie,"4517 Briarwood Drive",AmelieMackellar@einrot.com,Pubjewer,856-537-6676,156-62-2212
